product_name,size,milk,serv_size_m_l,calories,total_fat_g,saturated_fat_g,sodium_mg,total_carbs_g,sugar_g,caffeine_mg,sugar_per_100ml
brewed coffee - dark roast,short,none,236,3,0.1,0.0,5,0,0,130,0.0
brewed coffee - dark roast,tall,none,354,4,0.1,0.0,10,0,0,193,0.0
brewed coffee - dark roast,grande,none,473,5,0.1,0.0,10,0,0,260,0.0
brewed coffee - dark roast,venti,none,591,5,0.1,0.0,10,0,0,340,0.0
brewed coffee - decaf pike place roast,short,none,236,3,0.1,0.0,5,0,0,15,0.0
brewed coffee - decaf pike place roast,tall,none,354,4,0.1,0.0,10,0,0,20,0.0
brewed coffee - decaf pike place roast,grande,none,473,5,0.1,0.0,10,0,0,25,0.0
brewed coffee - decaf pike place roast,venti,none,591,5,0.1,0.0,10,0,0,30,0.0
brewed coffee - medium roast,short,none,236,3,0.1,0.0,5,0,0,155,0.0
brewed coffee - medium roast,tall,none,354,4,0.1,0.0,5,0,0,235,0.0
brewed coffee - medium roast,grande,none,473,5,0.1,0.0,5,0,0,310,0.0
brewed coffee - medium roast,venti,none,591,5,0.1,0.0,5,0,0,410,0.0
brewed coffee - True North Blend Blonde roast,short,none,236,3,0.1,0.0,5,0,0,180,0.0
brewed coffee - True North Blend Blonde roast,tall,none,354,4,0.1,0.0,5,0,0,270,0.0
brewed coffee - True North Blend Blonde roast,grande,none,473,5,0.1,0.0,5,0,0,360,0.0
brewed coffee - True North Blend Blonde roast,venti,none,591,5,0.1,0.0,5,0,0,475,0.0
Caffè Misto,short,nonfat,236,35,0.1,0.1,45,5,5,75,2.11864406779661
Caffè Misto,short,2% milk,236,50,2.0,1.0,50,5,5,75,2.11864406779661
Caffè Misto,short,whole,236,70,3.5,2.0,50,5,5,75,2.11864406779661
Caffè Misto,short,soy,236,40,1.5,0.2,40,3,2,75,0.847457627118644
Caffè Misto,short,coconut,236,40,2.5,2.5,45,4,3,75,1.2711864406779663
Caffè Misto,tall,nonfat,354,60,0.2,0.1,70,8,8,115,2.2598870056497176
Caffè Misto,tall,2% milk,354,80,3.0,1.5,80,8,8,115,2.2598870056497176
Caffè Misto,tall,whole,354,100,5.0,3.0,70,8,8,115,2.2598870056497176
Caffè Misto,tall,soy,354,60,2.5,0.3,60,5,4,115,1.1299435028248588
Caffè Misto,tall,coconut,354,60,3.5,3.5,70,6,5,115,1.4124293785310735
Caffè Misto,grande,nonfat,473,70,0.2,0.1,90,10,10,150,2.1141649048625792
Caffè Misto,grande,2% milk,473,110,4.0,2.0,100,10,10,150,2.1141649048625792
Caffè Misto,grande,whole,473,130,7.0,4.0,95,10,10,150,2.1141649048625792
Caffè Misto,grande,soy,473,80,3.0,0.4,80,6,5,150,1.0570824524312896
Caffè Misto,grande,coconut,473,70,4.5,4.5,90,7,7,150,1.4799154334038054
Caffè Misto,venti,nonfat,591,90,0.3,0.2,115,13,13,195,2.199661590524535
Caffè Misto,venti,2% milk,591,130,5.0,2.5,130,13,13,195,2.199661590524535
Caffè Misto,venti,whole,591,160,9.0,5.0,120,13,13,195,2.199661590524535
Caffè Misto,venti,soy,591,100,4.0,0.5,100,8,6,195,1.015228426395939
Caffè Misto,venti,coconut,591,80,5.0,4.5,90,7,7,195,1.1844331641285957
Clover Brewed Coffee - Dark Roast,short,none,236,10,0.0,0.0,5,0,0,190,0.0
Clover Brewed Coffee - Dark Roast,tall,none,354,10,0.0,0.0,10,0,0,280,0.0
Clover Brewed Coffee - Dark Roast,grande,none,473,10,0.0,0.0,10,0,0,380,0.0
Clover Brewed Coffee - Dark Roast,venti,none,591,10,0.0,0.0,10,0,0,470,0.0
Clover Brewed Coffee -  Light Roast,short,none,236,10,0.0,0.0,5,0,0,155,0.0
Clover Brewed Coffee -  Light Roast,tall,none,354,10,0.0,0.0,10,0,0,255,0.0
Clover Brewed Coffee -  Light Roast,grande,none,473,10,0.0,0.0,10,0,0,340,0.0
Clover Brewed Coffee -  Light Roast,venti,none,591,10,0.0,0.0,10,0,0,425,0.0
Clover Brewed Coffee - Medium Roast,short,none,236,10,0.0,0.0,5,0,0,170,0.0
Clover Brewed Coffee - Medium Roast,tall,none,354,10,0.0,0.0,10,0,0,280,0.0
Clover Brewed Coffee - Medium Roast,grande,none,473,10,0.0,0.0,10,0,0,375,0.0
Clover Brewed Coffee - Medium Roast,venti,none,591,10,0.0,0.0,10,0,0,445,0.0
Iced Coffee,tall,none,354,60,0.0,0.0,10,15,15,120,4.23728813559322
Iced Coffee,grande,none,473,80,0.1,0.0,10,20,20,165,4.2283298097251585
Iced Coffee,venti,none,709,120,0.1,0.0,15,30,30,235,4.231311706629055
Iced Coffee,trenta,none,887,160,0.1,0.0,15,40,39,280,4.3968432919954905
Iced Coffee with milk,tall,nonfat,354,80,0.1,0.0,30,17,17,90,4.80225988700565
Iced Coffee with milk,tall,2% milk,354,80,1.0,0.5,30,17,17,90,4.80225988700565
Iced Coffee with milk,tall,whole,354,90,1.5,1.0,30,17,17,90,4.80225988700565
Iced Coffee with milk,tall,soy,354,80,1.0,0.1,25,16,16,90,4.519774011299435
Iced Coffee with milk,tall,coconut,354,80,1.0,1.0,25,17,16,110,4.519774011299435
Iced Coffee with milk,grande,nonfat,473,100,0.1,0.0,35,23,23,125,4.862579281183932
Iced Coffee with milk,grande,2% milk,473,110,1.5,1.0,40,23,23,125,4.862579281183932
Iced Coffee with milk,grande,whole,473,120,2.0,1.0,35,23,23,125,4.862579281183932
Iced Coffee with milk,grande,soy,473,110,1.0,0.1,35,22,21,125,4.439746300211417
Iced Coffee with milk,grande,coconut,473,100,1.5,1.5,35,22,22,150,4.651162790697675
Iced Coffee with milk,venti,nonfat,709,160,0.1,0.1,60,35,35,170,4.9365303244005645
Iced Coffee with milk,venti,2% milk,709,170,2.0,1.5,65,35,35,170,4.9365303244005645
Iced Coffee with milk,venti,whole,709,190,3.5,2.0,60,35,35,170,4.9365303244005645
Iced Coffee with milk,venti,soy,709,160,1.5,0.2,55,33,32,170,4.513399153737659
Iced Coffee with milk,venti,coconut,709,160,2.5,2.0,55,33,33,205,4.65444287729196
Iced Coffee with milk,trenta,nonfat,887,210,0.2,0.1,70,46,46,190,5.186020293122886
Iced Coffee with milk,trenta,2% milk,887,230,3.0,1.5,80,46,46,190,5.186020293122886
Iced Coffee with milk,trenta,whole,887,240,4.5,2.5,75,46,46,190,5.186020293122886
Iced Coffee with milk,trenta,soy,887,220,2.0,0.3,65,44,43,190,4.8478015783540025
Iced Coffee with milk,trenta,coconut,887,210,3.0,3.0,70,44,44,190,4.96054114994363
Cold Brewed Coffee,tall,none,354,2,0.0,0.0,10,0,0,150,0.0
Cold Brewed Coffee,grande,none,473,3,0.0,0.0,15,0,0,200,0.0
Cold Brewed Coffee,venti,none,709,4,0.0,0.0,20,0,0,300,0.0
Cold Brewed Coffee,trenta,none,887,5,0.0,0.0,25,0,0,330,0.0
Vanilla Sweet Cream Cold Brew,tall,none,354,100,6.0,3.5,20,12,12,140,3.389830508474576
Vanilla Sweet Cream Cold Brew,grande,none,473,110,6.0,3.5,25,14,14,185,2.9598308668076108
Vanilla Sweet Cream Cold Brew,venti,none,709,200,11.0,7.0,40,24,24,275,3.385049365303244
Vanilla Sweet Cream Cold Brew,trenta,none,887,210,11.0,7.0,45,26,26,320,2.931228861330327
Espresso - Caffè Americano,short,none,236,5,0.0,0.0,5,1,0,75,0.0
Espresso - Caffè Americano,tall,none,354,10,0.0,0.0,10,1,0,150,0.0
Espresso - Caffè Americano,grande,none,473,15,0.0,0.0,15,1,0,225,0.0
Espresso - Caffè Americano,venti,none,591,25,0.0,0.0,10,1,0,300,0.0
Espresso - Iced Caffè Americano,tall,none,354,10,0.0,0.0,10,2,0,150,0.0
Espresso - Iced Caffè Americano,grande,none,473,15,0.0,0.0,15,3,0,225,0.0
Espresso - Iced Caffè Americano,venti,none,709,25,0.0,0.0,20,3,0,300,0.0
Caffè Latte,tall,nonfat,354,100,0.2,0.2,120,15,14,75,3.954802259887006
Caffè Latte,tall,2% milk,354,150,6.0,3.5,135,15,14,75,3.954802259887006
Caffè Latte,tall,whole,354,180,9.0,5.0,125,15,14,75,3.954802259887006
Caffè Latte,tall,soy,354,110,4.5,0.5,105,10,6,75,1.694915254237288
Caffè Latte,tall,coconut,354,110,7.0,6.0,120,11,10,75,2.824858757062147
Caffè Latte,grande,nonfat,473,130,0.3,0.2,150,19,18,150,3.8054968287526427
Caffè Latte,grande,2% milk,473,190,7.0,4.5,170,19,17,150,3.5940803382663846
Caffè Latte,grande,whole,473,230,11.0,7.0,150,19,17,150,3.5940803382663846
Caffè Latte,grande,soy,473,150,5.0,0.5,130,13,8,150,1.6913319238900635
Caffè Latte,grande,coconut,473,140,8.0,8.0,150,14,12,150,2.536997885835095
Caffè Latte,venti,nonfat,591,170,0.4,0.3,190,25,23,150,3.8917089678511
Caffè Latte,venti,2% milk,591,240,9.0,6.0,220,24,22,150,3.7225042301184432
Caffè Latte,venti,whole,591,290,15.0,9.0,200,24,22,150,3.7225042301184432
Caffè Latte,venti,soy,591,190,7.0,1.0,170,16,11,150,1.8612521150592216
Caffè Latte,venti,coconut,591,170,11.0,10.0,200,18,16,150,2.707275803722504
Iced Caffè Latte,tall,nonfat,354,70,0.1,0.1,80,10,9,75,2.5423728813559325
Iced Caffè Latte,tall,2% milk,354,100,3.5,2.0,90,10,9,75,2.5423728813559325
Iced Caffè Latte,tall,whole,354,120,6.0,3.5,85,10,9,75,2.5423728813559325
Iced Caffè Latte,tall,soy,354,80,3.0,0.4,75,7,4,75,1.1299435028248588
Iced Caffè Latte,tall,coconut,354,70,4.0,4.0,80,7,6,75,1.694915254237288
Iced Caffè Latte,grande,nonfat,473,90,0.2,0.1,105,13,11,150,2.3255813953488373
Iced Caffè Latte,grande,2% milk,473,130,4.5,2.5,115,13,11,150,2.3255813953488373
Iced Caffè Latte,grande,whole,473,150,7.0,4.5,105,13,11,150,2.3255813953488373
Iced Caffè Latte,grande,soy,473,100,3.5,0.5,95,9,5,150,1.0570824524312896
Iced Caffè Latte,grande,coconut,473,90,5.0,5.0,105,10,8,150,1.6913319238900635
Iced Caffè Latte,venti,nonfat,709,130,0.3,0.2,140,19,16,225,2.2566995768688294
Iced Caffè Latte,venti,2% milk,709,180,6.0,3.0,160,18,15,225,2.1156558533145273
Iced Caffè Latte,venti,whole,709,210,10.0,6.0,150,18,15,225,2.1156558533145273
Iced Caffè Latte,venti,soy,709,150,5.0,0.5,130,13,8,225,1.1283497884344147
Iced Caffè Latte,venti,coconut,709,130,7.0,7.0,150,14,11,225,1.5514809590973202
Caffè Mocha,short,nonfat,236,120,1.5,1.0,65,21,17,90,7.203389830508475
Caffè Mocha,short,nonfat,236,180,6.0,4.0,70,23,18,90,7.627118644067797
Caffè Mocha,short,2% milk,236,150,4.0,2.5,70,21,17,90,7.203389830508475
Caffè Mocha,short,2% milk,236,200,9.0,6.0,75,22,18,90,7.627118644067797
Caffè Mocha,short,whole,236,160,6.0,3.5,65,21,17,90,7.203389830508475
Caffè Mocha,short,whole,236,210,11.0,7.0,70,22,18,90,7.627118644067797
Caffè Mocha,short,soy,236,130,3.5,1.0,55,18,13,90,5.508474576271186
Caffè Mocha,short,soy,236,180,9.0,4.0,60,20,14,90,5.932203389830509
Caffè Mocha,short,coconut,236,130,4.5,4.0,65,19,15,90,6.3559322033898304
Caffè Mocha,short,coconut,236,180,10.0,7.0,70,21,16,90,6.779661016949152
Caffè Mocha,tall,nonfat,354,190,2.0,1.0,100,32,27,95,7.627118644067797
Caffè Mocha,tall,nonfat,354,250,8.0,5.0,110,34,28,95,7.909604519774012
Caffè Mocha,tall,2% milk,354,230,6.0,4.0,115,32,26,95,7.344632768361582
Caffè Mocha,tall,2% milk,354,290,13.0,8.0,120,34,28,95,7.909604519774012
Caffè Mocha,tall,whole,354,250,9.0,6.0,105,32,26,95,7.344632768361582
Caffè Mocha,tall,whole,354,310,16.0,9.0,110,34,28,95,7.909604519774012
Caffè Mocha,tall,soy,354,200,5.0,1.5,90,28,20,95,5.649717514124294
Caffè Mocha,tall,soy,354,260,11.0,5.0,95,30,22,95,6.214689265536723
Caffè Mocha,tall,coconut,354,190,7.0,6.0,105,29,23,95,6.497175141242938
Caffè Mocha,tall,coconut,354,250,13.0,10.0,110,30,25,95,7.062146892655368
Caffè Mocha,grande,nonfat,473,250,2.5,1.5,125,42,34,175,7.188160676532769
Caffè Mocha,grande,nonfat,473,320,10.0,6.0,135,44,36,175,7.6109936575052854
Caffè Mocha,grande,2% milk,473,290,8.0,5.0,140,42,34,175,7.188160676532769
Caffè Mocha,grande,2% milk,473,360,15.0,9.0,150,44,35,175,7.399577167019028
Caffè Mocha,grande,whole,473,330,12.0,7.0,130,42,34,175,7.188160676532769
Caffè Mocha,grande,whole,473,400,19.0,11.0,135,44,35,175,7.399577167019028
Caffè Mocha,grande,soy,473,260,7.0,2.0,110,37,26,175,5.496828752642706
Caffè Mocha,grande,soy,473,330,14.0,6.0,115,39,28,175,5.9196617336152215
Caffè Mocha,grande,coconut,473,250,9.0,8.0,130,38,30,175,6.342494714587738
Caffè Mocha,grande,coconut,473,320,16.0,12.0,135,40,32,175,6.765327695560254
Caffè Mocha,venti,nonfat,591,310,3.5,2.0,170,54,44,185,7.4450084602368864
Caffè Mocha,venti,nonfat,591,390,10.0,6.0,170,56,45,185,7.614213197969544
Caffè Mocha,venti,2% milk,591,380,11.0,7.0,190,53,43,185,7.2758037225042305
Caffè Mocha,venti,2% milk,591,450,18.0,11.0,190,55,45,185,7.614213197969544
Caffè Mocha,venti,whole,591,420,16.0,9.0,170,53,43,185,7.2758037225042305
Caffè Mocha,venti,whole,591,490,23.0,13.0,180,55,45,185,7.614213197969544
Caffè Mocha,venti,soy,591,330,9.0,2.5,140,46,34,185,5.752961082910321
Caffè Mocha,venti,soy,591,400,16.0,7.0,150,48,35,185,5.922165820642978
Caffè Mocha,venti,coconut,591,320,12.0,10.0,170,48,38,185,6.429780033840947
Caffè Mocha,venti,coconut,591,390,19.0,15.0,180,50,40,185,6.768189509306261
Iced Caffè Mocha,tall,nonfat,354,150,2.0,1.0,65,27,22,95,6.214689265536723
Iced Caffè Mocha,tall,nonfat,354,240,10.0,6.0,75,30,23,95,6.497175141242938
Iced Caffè Mocha,tall,2% milk,354,180,4.5,3.0,70,27,21,95,5.932203389830509
Iced Caffè Mocha,tall,2% milk,354,260,12.0,8.0,80,29,23,95,6.497175141242938
Iced Caffè Mocha,tall,whole,354,190,6.0,3.5,65,27,21,95,5.932203389830509
Iced Caffè Mocha,tall,whole,354,270,14.0,9.0,75,29,23,95,6.497175141242938
Iced Caffè Mocha,tall,soy,354,160,4.0,1.5,60,25,18,95,5.084745762711865
Iced Caffè Mocha,tall,soy,354,240,12.0,6.0,65,27,20,95,5.649717514124294
Iced Caffè Mocha,tall,coconut,354,150,5.0,4.0,65,25,19,95,5.367231638418079
Iced Caffè Mocha,tall,coconut,354,240,13.0,9.0,70,27,22,95,6.214689265536723
Iced Caffè Mocha,grande,nonfat,473,200,2.5,1.5,80,36,28,175,5.9196617336152215
Iced Caffè Mocha,grande,nonfat,473,320,14.0,8.0,90,40,30,175,6.342494714587738
Iced Caffè Mocha,grande,2% milk,473,230,6.0,3.5,90,36,28,175,5.9196617336152215
Iced Caffè Mocha,grande,2% milk,473,350,17.0,11.0,100,39,30,175,6.342494714587738
Iced Caffè Mocha,grande,whole,473,250,8.0,4.5,80,36,28,175,5.9196617336152215
Iced Caffè Mocha,grande,whole,473,360,19.0,12.0,95,39,30,175,6.342494714587738
Iced Caffè Mocha,grande,soy,473,210,5.0,2.0,75,33,24,175,5.07399577167019
Iced Caffè Mocha,grande,soy,473,330,16.0,9.0,85,37,26,175,5.496828752642706
Iced Caffè Mocha,grande,coconut,473,210,6.0,5.0,80,34,26,175,5.496828752642706
Iced Caffè Mocha,grande,coconut,473,320,18.0,12.0,95,37,29,175,6.13107822410148
Iced Caffè Mocha,venti,nonfat,709,300,3.5,2.5,110,53,41,265,5.782792665726375
Iced Caffè Mocha,venti,nonfat,709,410,15.0,9.0,120,57,43,265,6.064880112834979
Iced Caffè Mocha,venti,2% milk,709,340,8.0,5.0,120,53,41,265,5.782792665726375
Iced Caffè Mocha,venti,2% milk,709,450,19.0,12.0,130,56,43,265,6.064880112834979
Iced Caffè Mocha,venti,whole,709,360,11.0,6.0,110,53,41,265,5.782792665726375
Iced Caffè Mocha,venti,whole,709,470,22.0,13.0,125,56,43,265,6.064880112834979
Iced Caffè Mocha,venti,soy,709,310,7.0,2.5,100,49,35,265,4.9365303244005645
Iced Caffè Mocha,venti,soy,709,430,18.0,10.0,110,53,37,265,5.218617771509168
Iced Caffè Mocha,venti,coconut,709,300,9.0,7.0,115,50,38,265,5.359661495063469
Iced Caffè Mocha,venti,coconut,709,420,20.0,14.0,125,53,41,265,5.782792665726375
Cappuccino,short,nonfat,236,50,0.1,0.1,60,8,7,75,2.9661016949152543
Cappuccino,short,2% milk,236,80,3.0,1.5,70,8,7,75,2.9661016949152543
Cappuccino,short,whole,236,90,4.5,2.5,60,8,7,75,2.9661016949152543
Cappuccino,short,soy,236,50,1.5,0.2,40,4,3,75,1.2711864406779663
Cappuccino,short,coconut,236,70,4.0,4.0,75,7,6,75,2.5423728813559325
Cappuccino,tall,nonfat,354,60,0.1,0.1,70,9,8,75,2.2598870056497176
Cappuccino,tall,2% milk,354,90,3.5,1.5,80,9,8,75,2.2598870056497176
Cappuccino,tall,whole,354,110,6.0,3.0,75,9,8,75,2.2598870056497176
Cappuccino,tall,soy,354,70,3.0,0.4,65,7,4,75,1.1299435028248588
Cappuccino,tall,coconut,354,100,6.0,6.0,115,11,9,75,2.5423728813559325
Cappuccino,grande,nonfat,473,80,0.2,0.1,90,12,10,150,2.1141649048625792
Cappuccino,grande,2% milk,473,120,4.0,2.0,100,12,10,150,2.1141649048625792
Cappuccino,grande,whole,473,140,7.0,4.0,90,12,10,150,2.1141649048625792
Cappuccino,grande,soy,473,100,3.5,0.4,80,9,5,150,1.0570824524312896
Cappuccino,grande,coconut,473,130,8.0,8.0,150,14,12,150,2.536997885835095
Cappuccino,venti,nonfat,591,110,0.2,0.2,120,16,14,150,2.3688663282571913
Cappuccino,venti,2% milk,591,150,6.0,3.0,135,16,14,150,2.3688663282571913
Cappuccino,venti,whole,591,190,9.0,5.0,125,16,14,150,2.3688663282571913
Cappuccino,venti,soy,591,120,4.5,0.5,110,11,7,150,1.1844331641285957
Cappuccino,venti,coconut,591,170,10.0,10.0,190,18,15,150,2.5380710659898478
Caramel Macchiato,short,nonfat,236,100,1.0,0.5,70,16,15,75,6.3559322033898304
Caramel Macchiato,short,2% milk,236,120,4.0,2.5,80,16,15,75,6.3559322033898304
Caramel Macchiato,short,whole,236,140,6.0,3.5,70,16,15,75,6.3559322033898304
Caramel Macchiato,short,soy,236,100,3.0,1.0,60,14,11,75,4.661016949152542
Caramel Macchiato,short,coconut,236,100,4.0,3.5,70,14,13,75,5.508474576271186
Caramel Macchiato,tall,nonfat,354,150,1.5,1.0,105,27,25,75,7.062146892655368
Caramel Macchiato,tall,2% milk,354,190,6.0,3.5,120,26,25,75,7.062146892655368
Caramel Macchiato,tall,whole,354,210,9.0,5.0,110,26,25,75,7.062146892655368
Caramel Macchiato,tall,soy,354,160,4.5,1.0,95,22,19,75,5.367231638418079
Caramel Macchiato,tall,coconut,354,150,6.0,6.0,105,23,21,75,5.932203389830509
Caramel Macchiato,grande,nonfat,473,200,1.5,1.0,135,36,34,150,7.188160676532769
Caramel Macchiato,grande,2% milk,473,250,7.0,4.5,150,35,33,150,6.976744186046512
Caramel Macchiato,grande,whole,473,280,11.0,6.0,140,35,33,150,6.976744186046512
Caramel Macchiato,grande,soy,473,210,6.0,1.5,120,30,26,150,5.496828752642706
Caramel Macchiato,grande,coconut,473,200,8.0,7.0,130,32,29,150,6.13107822410148
Caramel Macchiato,venti,nonfat,591,250,1.5,1.0,170,45,42,150,7.1065989847715745
Caramel Macchiato,venti,2% milk,591,310,9.0,6.0,190,44,42,150,7.1065989847715745
Caramel Macchiato,venti,whole,591,350,13.0,8.0,170,44,42,150,7.1065989847715745
Caramel Macchiato,venti,soy,591,260,7.0,1.5,150,38,33,150,5.583756345177665
Caramel Macchiato,venti,coconut,591,250,10.0,9.0,170,39,36,150,6.091370558375635
Iced Caramel Macchiato,tall,nonfat,354,140,1.5,1.0,100,26,24,75,6.779661016949152
Iced Caramel Macchiato,tall,2% milk,354,180,5.0,3.5,110,26,24,75,6.779661016949152
Iced Caramel Macchiato,tall,whole,354,200,8.0,4.5,100,26,24,75,6.779661016949152
Iced Caramel Macchiato,tall,soy,354,160,4.5,1.5,90,22,19,75,5.367231638418079
Iced Caramel Macchiato,tall,coconut,354,140,6.0,5.0,95,23,21,75,5.932203389830509
Iced Caramel Macchiato,grande,nonfat,473,210,2.0,1.5,135,37,35,150,7.399577167019028
Iced Caramel Macchiato,grande,2% milk,473,250,7.0,4.5,150,37,34,150,7.188160676532769
Iced Caramel Macchiato,grande,whole,473,280,11.0,6.0,140,37,34,150,7.188160676532769
Iced Caramel Macchiato,grande,soy,473,220,6.0,2.0,125,32,28,150,5.9196617336152215
Iced Caramel Macchiato,grande,coconut,473,210,8.0,7.0,130,33,30,150,6.342494714587738
Iced Caramel Macchiato,venti,nonfat,591,290,2.5,1.5,180,53,50,225,8.460236886632826
Iced Caramel Macchiato,venti,2% milk,591,350,9.0,6.0,200,53,49,225,8.29103214890017
Iced Caramel Macchiato,venti,whole,591,390,14.0,8.0,190,53,49,225,8.29103214890017
Iced Caramel Macchiato,venti,soy,591,310,8.0,2.0,170,47,40,225,6.768189509306261
Iced Caramel Macchiato,venti,coconut,591,290,10.0,9.0,170,47,43,225,7.2758037225042305
Cinnamon Dolce Latte,short,nonfat,236,100,0.1,0.1,70,20,19,75,8.050847457627118
Cinnamon Dolce Latte,short,nonfat,236,160,5.0,3.5,75,22,21,75,8.898305084745763
Cinnamon Dolce Latte,short,2% milk,236,130,3.0,1.5,75,20,19,75,8.050847457627118
Cinnamon Dolce Latte,short,2% milk,236,180,8.0,5.0,80,22,20,75,8.47457627118644
Cinnamon Dolce Latte,short,whole,236,150,5.0,3.0,70,20,19,75,8.050847457627118
Cinnamon Dolce Latte,short,whole,236,200,10.0,6.0,75,22,20,75,8.47457627118644
Cinnamon Dolce Latte,short,soy,236,110,2.5,0.3,60,17,15,75,6.3559322033898304
Cinnamon Dolce Latte,short,soy,236,170,8.0,3.5,65,19,16,75,6.779661016949152
Cinnamon Dolce Latte,short,coconut,236,110,3.5,3.5,70,18,17,75,7.203389830508475
Cinnamon Dolce Latte,short,coconut,236,160,9.0,7.0,75,20,19,75,8.050847457627118
Cinnamon Dolce Latte,tall,nonfat,354,160,0.2,0.1,110,31,30,75,8.47457627118644
Cinnamon Dolce Latte,tall,nonfat,354,220,6.0,4.0,115,33,31,75,8.757062146892656
Cinnamon Dolce Latte,tall,2% milk,354,200,5.0,2.5,125,30,29,75,8.192090395480225
Cinnamon Dolce Latte,tall,2% milk,354,270,11.0,6.0,130,32,31,75,8.757062146892656
Cinnamon Dolce Latte,tall,whole,354,230,8.0,5.0,110,30,29,75,8.192090395480225
Cinnamon Dolce Latte,tall,whole,354,290,14.0,9.0,120,32,31,75,8.757062146892656
Cinnamon Dolce Latte,tall,soy,354,170,4.0,0.5,95,26,23,75,6.497175141242938
Cinnamon Dolce Latte,tall,soy,354,240,10.0,4.5,100,28,25,75,7.062146892655368
Cinnamon Dolce Latte,tall,coconut,354,160,6.0,6.0,110,27,26,75,7.344632768361582
Cinnamon Dolce Latte,tall,coconut,354,230,12.0,9.0,115,29,28,75,7.909604519774012
Cinnamon Dolce Latte,grande,nonfat,473,210,0.3,0.2,135,40,38,150,8.0338266384778
Cinnamon Dolce Latte,grande,nonfat,473,280,7.0,4.5,140,43,40,150,8.456659619450317
Cinnamon Dolce Latte,grande,2% milk,473,260,6.0,3.0,150,40,38,150,8.0338266384778
Cinnamon Dolce Latte,grande,2% milk,473,330,13.0,8.0,160,42,40,150,8.456659619450317
Cinnamon Dolce Latte,grande,whole,473,300,10.0,6.0,140,40,38,150,8.0338266384778
Cinnamon Dolce Latte,grande,whole,473,370,17.0,10.0,150,42,40,150,8.456659619450317
Cinnamon Dolce Latte,grande,soy,473,220,5.0,0.5,120,34,30,150,6.342494714587738
Cinnamon Dolce Latte,grande,soy,473,300,12.0,5.0,125,37,32,150,6.765327695560254
Cinnamon Dolce Latte,grande,coconut,473,210,7.0,7.0,140,36,33,150,6.976744186046512
Cinnamon Dolce Latte,grande,coconut,473,290,14.0,11.0,150,38,36,150,7.6109936575052854
Cinnamon Dolce Latte,venti,nonfat,591,270,0.3,0.2,180,51,49,150,8.29103214890017
Cinnamon Dolce Latte,venti,nonfat,591,340,7.0,4.5,190,54,51,150,8.629441624365482
Cinnamon Dolce Latte,venti,2% milk,591,330,8.0,4.0,200,50,48,150,8.121827411167512
Cinnamon Dolce Latte,venti,2% milk,591,410,15.0,9.0,210,53,50,150,8.460236886632826
Cinnamon Dolce Latte,venti,whole,591,380,14.0,8.0,180,50,48,150,8.121827411167512
Cinnamon Dolce Latte,venti,whole,591,450,21.0,12.0,190,53,50,150,8.460236886632826
Cinnamon Dolce Latte,venti,soy,591,280,6.0,1.0,160,43,38,150,6.429780033840947
Cinnamon Dolce Latte,venti,soy,591,360,13.0,5.0,160,46,40,150,6.768189509306261
Cinnamon Dolce Latte,venti,coconut,591,270,10.0,9.0,180,45,42,150,7.1065989847715745
Cinnamon Dolce Latte,venti,coconut,591,350,17.0,14.0,190,47,45,150,7.614213197969544
Flat White,short,nonfat,236,60,0.1,0.1,70,9,8,130,3.389830508474576
Flat White,short,2% milk,236,90,3.5,2.0,80,9,8,130,3.389830508474576
Flat White,short,whole,236,110,5.0,3.0,70,9,8,130,3.389830508474576
Flat White,short,soy,236,70,2.5,0.3,65,6,4,130,1.694915254237288
Flat White,short,coconut,236,60,4.0,3.5,70,7,5,130,2.11864406779661
Flat White,tall,nonfat,354,100,0.2,0.2,115,15,13,130,3.672316384180791
Flat White,tall,2% milk,354,140,5.0,3.5,130,14,13,130,3.672316384180791
Flat White,tall,whole,354,170,9.0,5.0,115,14,13,130,3.672316384180791
Flat White,tall,soy,354,110,4.0,0.5,100,10,6,130,1.694915254237288
Flat White,tall,coconut,354,100,6.0,6.0,110,11,9,130,2.5423728813559325
Flat White,grande,nonfat,473,130,0.3,0.2,150,19,17,195,3.5940803382663846
Flat White,grande,2% milk,473,180,7.0,4.5,160,18,17,195,3.5940803382663846
Flat White,grande,whole,473,220,11.0,7.0,150,18,17,195,3.5940803382663846
Flat White,grande,soy,473,150,5.0,0.5,130,13,8,195,1.6913319238900635
Flat White,grande,coconut,473,130,8.0,7.0,140,14,11,195,2.3255813953488373
Flat White,venti,nonfat,591,170,0.4,0.3,190,24,23,195,3.8917089678511
Flat White,venti,2% milk,591,240,9.0,6.0,220,24,22,195,3.7225042301184432
Flat White,venti,whole,591,290,15.0,9.0,200,24,22,195,3.7225042301184432
Flat White,venti,soy,591,190,7.0,1.0,170,16,11,195,1.8612521150592216
Flat White,venti,coconut,591,170,10.0,10.0,190,18,15,195,2.5380710659898478
Latte Macchiato,short,nonfat,236,60,0.1,0.1,70,10,8,150,3.389830508474576
Latte Macchiato,short,2% milk,236,90,3.5,2.0,80,9,8,150,3.389830508474576
Latte Macchiato,short,whole,236,110,5.0,3.0,70,9,8,150,3.389830508474576
Latte Macchiato,short,soy,236,70,2.5,0.3,60,7,4,150,1.694915254237288
Latte Macchiato,short,coconut,236,70,3.5,3.5,70,7,5,150,2.11864406779661
Latte Macchiato,tall,nonfat,354,100,0.2,0.2,115,15,13,150,3.672316384180791
Latte Macchiato,tall,2% milk,354,140,5.0,3.5,130,15,13,150,3.672316384180791
Latte Macchiato,tall,whole,354,170,9.0,5.0,115,15,13,150,3.672316384180791
Latte Macchiato,tall,soy,354,110,4.0,0.5,100,10,6,150,1.694915254237288
Latte Macchiato,tall,coconut,354,100,6.0,6.0,110,11,9,150,2.5423728813559325
Latte Macchiato,grande,nonfat,473,130,0.3,0.2,150,19,17,225,3.5940803382663846
Latte Macchiato,grande,2% milk,473,190,7.0,4.5,160,19,17,225,3.5940803382663846
Latte Macchiato,grande,whole,473,220,11.0,6.0,150,19,17,225,3.5940803382663846
Latte Macchiato,grande,soy,473,140,5.0,0.5,125,13,8,225,1.6913319238900635
Latte Macchiato,grande,coconut,473,130,8.0,7.0,140,14,11,225,2.3255813953488373
Latte Macchiato,venti,nonfat,591,170,0.4,0.3,190,25,23,225,3.8917089678511
Latte Macchiato,venti,2% milk,591,240,9.0,6.0,210,24,22,225,3.7225042301184432
Latte Macchiato,venti,whole,591,290,15.0,8.0,200,24,22,225,3.7225042301184432
Latte Macchiato,venti,soy,591,90,7.0,1.0,170,16,10,225,1.6920473773265652
Latte Macchiato,venti,coconut,591,170,10.0,10.0,190,18,15,225,2.5380710659898478
Skinny Cinnamon Dolce Latte,short,nonfat,236,60,0.1,0.1,80,9,8,75,3.389830508474576
Skinny Cinnamon Dolce Latte,tall,nonfat,354,100,0.2,0.1,125,14,13,75,3.672316384180791
Skinny Cinnamon Dolce Latte,grande,nonfat,473,120,0.3,0.2,160,19,16,150,3.382663847780127
Skinny Cinnamon Dolce Latte,venti,nonfat,591,160,0.3,0.2,200,24,21,150,3.5532994923857872
Iced Skinny Cinnamon Dolce Latte,tall,nonfat,354,60,0.1,0.1,80,9,8,75,2.2598870056497176
Iced Skinny Cinnamon Dolce Latte,grande,nonfat,473,80,0.2,0.1,105,12,10,150,2.1141649048625792
Iced Skinny Cinnamon Dolce Latte,venti,nonfat,591,110,0.2,0.2,140,17,14,225,2.3688663282571913
Skinny Mocha,short,nonfat,236,80,1.0,0.5,70,12,7,75,2.9661016949152543
Skinny Mocha,tall,nonfat,354,130,1.0,1.0,115,18,12,75,3.389830508474576
Skinny Mocha,grande,nonfat,473,160,1.5,1.0,140,24,15,150,3.171247357293869
Skinny Mocha,venti,nonfat,591,210,2.0,1.5,190,30,19,150,3.2148900169204735
Iced Skinny Mocha,tall,nonfat,354,90,1.0,0.5,75,13,7,75,1.977401129943503
Iced Skinny Mocha,grande,nonfat,473,120,1.5,1.0,95,17,8,150,1.6913319238900635
Iced Skinny Mocha,venti,nonfat,709,170,2.5,1.5,130,25,11,225,1.5514809590973202
Starbucks Doubleshot on ice,tall,nonfat,354,70,0.0,0.0,35,14,13,150,3.672316384180791
Starbucks Doubleshot on ice,tall,2% milk,354,80,1.0,1.0,35,14,13,150,3.672316384180791
Starbucks Doubleshot on ice,tall,whole,354,90,2.0,1.0,35,14,13,150,3.672316384180791
Starbucks Doubleshot on ice,tall,soy,354,70,1.0,0.1,30,13,11,150,3.1073446327683616
Starbucks Doubleshot on ice,tall,coconut,354,70,1.5,1.5,30,13,12,150,3.389830508474576
Starbucks Doubleshot on ice,grande,nonfat,473,90,0.0,0.0,35,20,18,225,3.8054968287526427
Starbucks Doubleshot on ice,grande,2% milk,473,100,1.0,1.0,40,20,18,225,3.8054968287526427
Starbucks Doubleshot on ice,grande,whole,473,110,2.0,1.0,35,20,18,225,3.8054968287526427
Starbucks Doubleshot on ice,grande,soy,473,100,1.0,0.1,35,19,16,225,3.382663847780127
Starbucks Doubleshot on ice,grande,coconut,473,90,1.5,1.5,35,19,17,225,3.5940803382663846
Starbucks Doubleshot on ice,venti,nonfat,709,150,0.1,0.1,50,33,29,375,4.090267983074753
Starbucks Doubleshot on ice,venti,2% milk,709,170,2.0,1.0,55,33,29,375,4.090267983074753
Starbucks Doubleshot on ice,venti,whole,709,180,3.0,1.5,50,33,29,375,4.090267983074753
Starbucks Doubleshot on ice,venti,soy,709,160,1.5,0.2,45,31,27,375,3.80818053596615
Starbucks Doubleshot on ice,venti,coconut,709,150,2.0,2.0,50,32,28,375,3.9492242595204514
White Chocolate Mocha,short,nonfat,236,180,3.0,2.5,115,30,29,75,12.288135593220339
White Chocolate Mocha,short,nonfat,236,230,8.0,6.0,120,32,30,75,12.711864406779661
White Chocolate Mocha,short,2% milk,236,200,6.0,3.5,120,30,29,75,12.288135593220339
White Chocolate Mocha,short,2% milk,236,250,11.0,7.0,125,32,30,75,12.711864406779661
White Chocolate Mocha,short,whole,236,210,8.0,5.0,115,30,29,75,12.288135593220339
White Chocolate Mocha,short,whole,236,270,13.0,8.0,120,32,30,75,12.711864406779661
White Chocolate Mocha,short,soy,236,180,5.0,2.5,105,28,25,75,10.59322033898305
White Chocolate Mocha,short,soy,236,230,10.0,6.0,110,29,26,75,11.016949152542372
White Chocolate Mocha,short,coconut,236,180,6.0,5.0,115,28,27,75,11.440677966101696
White Chocolate Mocha,short,coconut,236,230,11.0,9.0,120,30,28,75,11.864406779661017
White Chocolate Mocha,tall,nonfat,354,270,4.5,3.5,180,46,45,75,12.711864406779661
White Chocolate Mocha,tall,nonfat,354,330,10.0,7.0,190,48,46,75,12.994350282485875
White Chocolate Mocha,tall,2% milk,354,300,9.0,6.0,190,46,44,75,12.429378531073446
White Chocolate Mocha,tall,2% milk,354,370,15.0,10.0,200,47,46,75,12.994350282485875
White Chocolate Mocha,tall,whole,354,330,12.0,8.0,180,46,44,75,12.429378531073446
White Chocolate Mocha,tall,whole,354,390,18.0,12.0,190,47,46,75,12.994350282485875
White Chocolate Mocha,tall,soy,354,280,8.0,4.0,170,41,38,75,10.734463276836157
White Chocolate Mocha,tall,soy,354,340,14.0,8.0,170,43,40,75,11.299435028248588
White Chocolate Mocha,tall,coconut,354,270,10.0,9.0,180,42,41,75,11.581920903954803
White Chocolate Mocha,tall,coconut,354,330,16.0,12.0,180,44,43,75,12.146892655367232
White Chocolate Mocha,grande,nonfat,473,350,6.0,4.5,230,61,58,150,12.26215644820296
White Chocolate Mocha,grande,nonfat,473,420,13.0,9.0,240,63,60,150,12.684989429175475
White Chocolate Mocha,grande,2% milk,473,400,11.0,7.0,240,60,58,150,12.26215644820296
White Chocolate Mocha,grande,2% milk,473,470,18.0,12.0,250,62,59,150,12.473572938689218
White Chocolate Mocha,grande,whole,473,430,15.0,10.0,230,60,58,150,12.26215644820296
White Chocolate Mocha,grande,whole,473,500,22.0,14.0,240,62,59,150,12.473572938689218
White Chocolate Mocha,grande,soy,473,360,10.0,5.0,210,55,51,150,10.782241014799155
White Chocolate Mocha,grande,soy,473,430,17.0,10.0,220,57,52,150,10.993657505285412
White Chocolate Mocha,grande,coconut,473,350,12.0,11.0,230,56,54,150,11.416490486257928
White Chocolate Mocha,grande,coconut,473,420,19.0,15.0,230,58,56,150,11.839323467230443
White Chocolate Mocha,venti,nonfat,591,440,7.0,6.0,300,77,74,150,12.521150592216582
White Chocolate Mocha,venti,nonfat,591,510,14.0,10.0,300,79,76,150,12.859560067681894
White Chocolate Mocha,venti,2% milk,591,500,15.0,10.0,320,76,74,150,12.521150592216582
White Chocolate Mocha,venti,2% milk,591,580,22.0,14.0,320,78,75,150,12.690355329949238
White Chocolate Mocha,venti,whole,591,550,20.0,13.0,300,76,74,150,12.521150592216582
White Chocolate Mocha,venti,whole,591,620,27.0,17.0,310,78,75,150,12.690355329949238
White Chocolate Mocha,venti,soy,591,460,13.0,6.0,270,69,64,150,10.829103214890017
White Chocolate Mocha,venti,soy,591,530,20.0,11.0,280,71,65,150,10.998307952622675
White Chocolate Mocha,venti,coconut,591,450,16.0,14.0,290,71,68,150,11.505922165820643
White Chocolate Mocha,venti,coconut,591,520,23.0,18.0,300,73,70,150,11.844331641285956
Iced White Chocolate Mocha,tall,nonfat,354,230,4.5,3.5,135,41,40,75,11.299435028248588
Iced White Chocolate Mocha,tall,nonfat,354,310,12.0,8.0,150,43,41,75,11.581920903954803
Iced White Chocolate Mocha,tall,2% milk,354,250,7.0,5.0,140,41,39,75,11.016949152542372
Iced White Chocolate Mocha,tall,2% milk,354,330,15.0,10.0,150,43,41,75,11.581920903954803
Iced White Chocolate Mocha,tall,whole,354,270,9.0,6.0,140,41,39,75,11.016949152542372
Iced White Chocolate Mocha,tall,whole,354,350,17.0,11.0,150,43,41,75,11.581920903954803
Iced White Chocolate Mocha,tall,soy,354,240,6.0,3.5,130,38,36,75,10.16949152542373
Iced White Chocolate Mocha,tall,soy,354,320,14.0,9.0,140,41,38,75,10.734463276836157
Iced White Chocolate Mocha,tall,coconut,354,230,7.0,6.0,135,39,37,75,10.451977401129943
Iced White Chocolate Mocha,tall,coconut,354,310,15.0,11.0,140,41,39,75,11.016949152542372
Iced White Chocolate Mocha,grande,nonfat,473,310,6.0,4.5,170,54,52,150,10.993657505285412
Iced White Chocolate Mocha,grande,nonfat,473,420,17.0,12.0,190,58,55,150,11.627906976744185
Iced White Chocolate Mocha,grande,2% milk,473,330,9.0,6.0,180,54,52,150,10.993657505285412
Iced White Chocolate Mocha,grande,2% milk,473,450,20.0,13.0,200,57,54,150,11.416490486257928
Iced White Chocolate Mocha,grande,whole,473,350,11.0,8.0,180,54,52,150,10.993657505285412
Iced White Chocolate Mocha,grande,whole,473,470,22.0,15.0,190,57,54,150,11.416490486257928
Iced White Chocolate Mocha,grande,soy,473,320,8.0,5.0,170,51,48,150,10.14799154334038
Iced White Chocolate Mocha,grande,soy,473,430,19.0,12.0,180,55,50,150,10.570824524312897
Iced White Chocolate Mocha,grande,coconut,473,310,9.0,8.0,170,52,49,150,10.359408033826638
Iced White Chocolate Mocha,grande,coconut,473,420,20.0,15.0,180,55,52,150,10.993657505285412
Iced White Chocolate Mocha,venti,nonfat,709,450,9.0,7.0,260,81,77,225,10.860366713681241
Iced White Chocolate Mocha,venti,nonfat,709,570,20.0,14.0,270,84,80,225,11.283497884344147
Iced White Chocolate Mocha,venti,2% milk,709,490,13.0,9.0,270,80,77,225,10.860366713681241
Iced White Chocolate Mocha,venti,2% milk,709,600,24.0,16.0,280,84,79,225,11.142454160789844
Iced White Chocolate Mocha,venti,whole,709,520,16.0,11.0,260,80,77,225,10.860366713681241
Iced White Chocolate Mocha,venti,whole,709,630,27.0,18.0,270,84,79,225,11.142454160789844
Iced White Chocolate Mocha,venti,soy,709,470,12.0,7.0,250,77,71,225,10.01410437235543
Iced White Chocolate Mocha,venti,soy,709,580,23.0,14.0,260,80,74,225,10.437235543018335
Iced White Chocolate Mocha,venti,coconut,709,450,13.0,12.0,250,77,73,225,10.296191819464035
Iced White Chocolate Mocha,venti,coconut,709,570,25.0,19.0,260,80,76,225,10.719322990126939
Iced Black tea,tall,none,354,60,0.0,0.0,5,15,15,25,4.23728813559322
Iced Black tea,grande,none,473,80,0.0,0.0,10,20,20,30,4.2283298097251585
Iced Black tea,venti,none,709,120,0.0,0.0,15,30,30,45,4.231311706629055
Iced Black tea,trenta,none,887,140,0.0,0.0,20,35,34,55,3.8331454340473505
Iced Black tea Lemonade,grande,none,473,90,0.0,0.0,5,24,24,25,5.07399577167019
Iced Black tea Lemonade,venti,none,591,120,0.0,0.0,5,32,32,30,5.414551607445008
Iced Black tea Lemonade,venti,none,709,190,0.0,0.0,10,48,47,45,6.629055007052186
Iced Black tea Lemonade,trenta,none,887,220,0.0,0.0,10,58,57,55,6.426155580608793
Chai tea Latte,short,nonfat,236,100,0.1,0.1,50,22,21,50,8.898305084745763
Chai tea Latte,short,2% milk,236,120,2.0,1.0,55,22,21,50,8.898305084745763
Chai tea Latte,short,whole,236,130,3.5,2.0,55,22,21,50,8.898305084745763
Chai tea Latte,short,soy,236,110,1.5,0.2,45,20,18,50,7.627118644067797
Chai tea Latte,short,coconut,236,100,2.5,2.5,50,21,19,50,8.050847457627118
Chai tea Latte,tall,nonfat,354,160,0.2,0.1,80,34,32,70,9.03954802259887
Chai tea Latte,tall,2% milk,354,190,3.5,1.5,90,34,32,70,9.03954802259887
Chai tea Latte,tall,whole,354,200,6.0,3.0,80,34,32,70,9.03954802259887
Chai tea Latte,tall,soy,354,160,2.5,0.3,70,31,28,70,7.909604519774012
Chai tea Latte,tall,coconut,354,160,3.5,3.5,75,31,29,70,8.192090395480225
Chai tea Latte,grande,nonfat,473,210,0.2,0.1,10,45,43,95,9.090909090909092
Chai tea Latte,grande,2% milk,473,240,4.5,2.0,115,45,42,95,8.879492600422834
Chai tea Latte,grande,whole,473,270,7.0,4.0,105,45,42,95,8.879492600422834
Chai tea Latte,grande,soy,473,220,3.5,0.4,90,41,37,95,7.822410147991543
Chai tea Latte,grande,coconut,473,210,4.5,4.5,95,41,39,95,8.24524312896406
Chai tea Latte,venti,nonfat,591,260,0.3,0.2,135,57,54,120,9.137055837563452
Chai tea Latte,venti,2% milk,591,310,6.0,3.0,150,56,53,120,8.967851099830796
Chai tea Latte,venti,whole,591,340,9.0,5.0,135,56,53,120,8.967851099830796
Chai tea Latte,venti,soy,591,280,4.5,0.5,115,51,46,120,7.7834179357022
Chai tea Latte,venti,coconut,591,260,6.0,6.0,120,52,48,120,8.121827411167512
Iced Chai Tea Latte,tall,nonfat,354,150,0.2,0.1,75,33,31,70,8.757062146892656
Iced Chai Tea Latte,tall,2% milk,354,180,3.0,1.5,80,33,31,70,8.757062146892656
Iced Chai Tea Latte,tall,whole,354,190,5.0,3.0,75,33,31,70,8.757062146892656
Iced Chai Tea Latte,tall,soy,354,160,2.5,0.3,70,30,27,70,7.627118644067797
Iced Chai Tea Latte,tall,coconut,354,150,3.5,3.0,70,31,29,70,8.192090395480225
Iced Chai Tea Latte,grande,nonfat,473,200,0.2,0.1,100,44,42,95,8.879492600422834
Iced Chai Tea Latte,grande,2% milk,473,240,4.0,2.0,110,44,42,95,8.879492600422834
Iced Chai Tea Latte,grande,whole,473,260,7.0,4.0,105,44,42,95,8.879492600422834
Iced Chai Tea Latte,grande,soy,473,220,3.5,0.4,90,41,37,95,7.822410147991543
Iced Chai Tea Latte,grande,coconut,473,200,4.5,4.5,95,41,38,95,8.0338266384778
Iced Chai Tea Latte,venti,nonfat,709,300,0.3,0.2,140,65,62,145,8.744710860366714
Iced Chai Tea Latte,venti,2% milk,709,350,6.0,3.0,160,65,61,145,8.603667136812412
Iced Chai Tea Latte,venti,whole,709,380,9.0,5.0,140,65,61,145,8.603667136812412
Iced Chai Tea Latte,venti,soy,709,320,4.5,0.5,130,60,55,145,7.757404795486601
Iced Chai Tea Latte,venti,coconut,709,300,6.0,6.0,135,61,57,145,8.039492242595205
Earl Grey Brewed Tea,short,none,236,0,0.0,0.0,0,0,0,40,0.0
Earl Grey Brewed Tea,tall,none,354,0,0.0,0.0,0,0,0,40,0.0
Earl Grey Brewed Tea,grande,none,473,0,0.0,0.0,0,0,0,40,0.0
Earl Grey Brewed Tea,venti,none,591,0,0.0,0.0,0,0,0,40,0.0
Emperor's Clouds and Mist Brewed Tea,short,none,236,0,0.0,0.0,0,0,0,15,0.0
Emperor's Clouds and Mist Brewed Tea,tall,none,354,0,0.0,0.0,0,0,0,15,0.0
Emperor's Clouds and Mist Brewed Tea,grande,none,473,0,0.0,0.0,0,0,0,25,0.0
Emperor's Clouds and Mist Brewed Tea,venti,none,591,0,0.0,0.0,0,0,0,25,0.0
English Breakfast Black Brewed Tea,short,none,236,0,0.0,0.0,0,0,0,40,0.0
English Breakfast Black Brewed Tea,tall,none,354,0,0.0,0.0,0,0,0,40,0.0
English Breakfast Black Brewed Tea,grande,none,473,0,0.0,0.0,0,0,0,40,0.0
English Breakfast Black Brewed Tea,venti,none,591,0,0.0,0.0,0,0,0,40,0.0
English Breakfast Black Tea Latte,short,nonfat,236,80,0.1,0.1,50,15,15,40,6.3559322033898304
English Breakfast Black Tea Latte,short,2% milk,236,100,2.0,1.5,55,15,15,40,6.3559322033898304
English Breakfast Black Tea Latte,short,whole,236,110,3.5,2.0,50,15,15,40,6.3559322033898304
English Breakfast Black Tea Latte,short,soy,236,80,1.5,0.2,40,13,12,40,5.084745762711865
English Breakfast Black Tea Latte,short,coconut,236,80,2.5,2.5,45,14,13,40,5.508474576271186
English Breakfast Black Tea Latte,tall,nonfat,354,110,0.1,0.1,70,23,23,40,6.497175141242938
English Breakfast Black Tea Latte,tall,2% milk,354,140,3.0,2.0,80,23,23,40,6.497175141242938
English Breakfast Black Tea Latte,tall,whole,354,160,5.0,3.0,75,23,23,40,6.497175141242938
English Breakfast Black Tea Latte,tall,soy,354,120,2.5,0.3,60,20,18,40,5.084745762711865
English Breakfast Black Tea Latte,tall,coconut,354,120,3.5,3.5,70,20,20,40,5.649717514124294
English Breakfast Black Tea Latte,grande,nonfat,473,150,0.2,0.1,95,30,30,40,6.342494714587738
English Breakfast Black Tea Latte,grande,2% milk,473,180,4.0,2.5,105,30,30,40,6.342494714587738
English Breakfast Black Tea Latte,grande,whole,473,210,7.0,4.0,95,30,30,40,6.342494714587738
English Breakfast Black Tea Latte,grande,soy,473,160,3.0,0.4,80,26,24,40,5.07399577167019
English Breakfast Black Tea Latte,grande,coconut,473,150,4.5,4.5,90,27,26,40,5.496828752642706
English Breakfast Black Tea Latte,venti,nonfat,591,190,0.2,0.1,120,38,38,40,6.429780033840947
English Breakfast Black Tea Latte,venti,2% milk,591,230,5.0,3.5,135,38,38,40,6.429780033840947
English Breakfast Black Tea Latte,venti,whole,591,260,9.0,5.0,125,38,38,40,6.429780033840947
English Breakfast Black Tea Latte,venti,soy,591,200,4.0,0.5,105,33,31,40,5.245346869712352
English Breakfast Black Tea Latte,venti,coconut,591,190,6.0,6.0,115,34,33,40,5.583756345177665
Green Tea Latte,short,nonfat,236,80,0.2,0.1,70,14,14,30,5.932203389830509
Green Tea Latte,short,2% milk,236,110,3.5,2.0,80,14,14,30,5.932203389830509
Green Tea Latte,short,whole,236,130,6.0,3.0,75,14,14,30,5.932203389830509
Green Tea Latte,short,soy,236,90,3.0,0.4,65,11,9,30,3.8135593220338984
Green Tea Latte,short,coconut,236,80,3.5,3.5,65,11,11,30,4.661016949152542
Green Tea Latte,tall,nonfat,354,140,0.3,0.2,115,25,24,55,6.779661016949152
Green Tea Latte,tall,2% milk,354,190,5.0,3.5,125,25,24,55,6.779661016949152
Green Tea Latte,tall,whole,354,220,9.0,5.0,115,25,24,55,6.779661016949152
Green Tea Latte,tall,soy,354,160,4.5,0.5,105,20,17,55,4.80225988700565
Green Tea Latte,tall,coconut,354,140,6.0,6.0,105,21,19,55,5.367231638418079
Green Tea Latte,grande,nonfat,473,190,0.4,0.2,140,34,33,80,6.976744186046512
Green Tea Latte,grande,2% milk,473,240,7.0,4.5,160,34,32,80,6.765327695560254
Green Tea Latte,grande,whole,473,280,11.0,6.0,150,34,32,80,6.765327695560254
Green Tea Latte,grande,soy,473,210,6.0,0.5,130,28,24,80,5.07399577167019
Green Tea Latte,grande,coconut,473,190,8.0,7.0,135,29,27,80,5.708245243128964
Green Tea Latte,venti,nonfat,591,250,0.5,0.3,190,45,44,110,7.4450084602368864
Green Tea Latte,venti,2% milk,591,320,9.0,6.0,210,45,43,110,7.2758037225042305
Green Tea Latte,venti,whole,591,370,15.0,8.0,190,45,43,110,7.2758037225042305
Green Tea Latte,venti,soy,591,280,7.0,1.0,170,38,32,110,5.414551607445008
Green Tea Latte,venti,coconut,591,250,10.0,9.0,180,38,36,110,6.091370558375635
Iced Green Tea Latte,tall,nonfat,354,120,0.3,0.1,95,22,21,55,5.932203389830509
Iced Green Tea Latte,tall,2% milk,354,160,4.5,2.5,105,22,21,55,5.932203389830509
Iced Green Tea Latte,tall,whole,354,180,7.0,4.0,95,22,21,55,5.932203389830509
Iced Green Tea Latte,tall,soy,354,140,3.5,0.5,85,18,16,55,4.519774011299435
Iced Green Tea Latte,tall,coconut,354,120,4.5,4.5,90,19,18,55,5.084745762711865
Iced Green Tea Latte,grande,nonfat,473,170,0.4,0.2,130,32,31,80,6.553911205073996
Iced Green Tea Latte,grande,2% milk,473,220,6.0,3.5,140,31,30,80,6.342494714587738
Iced Green Tea Latte,grande,whole,473,250,10.0,5.0,130,31,30,80,6.342494714587738
Iced Green Tea Latte,grande,soy,473,190,5.0,0.5,115,27,23,80,4.862579281183932
Iced Green Tea Latte,grande,coconut,473,170,7.0,6.0,120,27,25,80,5.2854122621564485
Iced Green Tea Latte,venti,nonfat,709,240,0.5,0.3,180,44,42,110,5.923836389280677
Iced Green Tea Latte,venti,2% milk,709,310,8.0,5.0,200,43,41,110,5.782792665726375
Iced Green Tea Latte,venti,whole,709,350,14.0,8.0,190,43,41,110,5.782792665726375
Iced Green Tea Latte,venti,soy,709,270,7.0,1.0,170,37,32,110,4.513399153737659
Iced Green Tea Latte,venti,coconut,709,240,9.0,9.0,170,37,35,110,4.9365303244005645
Iced Green Tea,tall,none,354,60,0.0,0.0,5,15,15,25,4.23728813559322
Iced Green Tea,grande,none,473,80,0.0,0.0,10,20,20,30,4.2283298097251585
Iced Green Tea,venti,none,709,120,0.0,0.0,15,30,30,45,4.231311706629055
Iced Green Tea,trenta,none,887,140,0.0,0.0,20,35,34,55,3.8331454340473505
Iced Green Tea Lemonade,tall,none,354,90,0.0,0.0,5,24,24,25,6.779661016949152
Iced Green Tea Lemonade,grande,none,473,120,0.0,0.0,5,32,32,30,6.765327695560254
Iced Green Tea Lemonade,venti,none,709,190,0.0,0.0,10,48,47,45,6.629055007052186
Iced Green Tea Lemonade,trenta,none,887,220,0.0,0.0,10,58,57,55,6.426155580608793
Jade Citrus Mint Brewed tea,short,none,236,0,0.0,0.0,0,0,0,25,0.0
Jade Citrus Mint Brewed tea,tall,none,354,0,0.0,0.0,0,0,0,25,0.0
Jade Citrus Mint Brewed tea,grande,none,473,0,0.0,0.0,0,0,0,40,0.0
Jade Citrus Mint Brewed tea,venti,none,591,0,0.0,0.0,0,0,0,40,0.0
London Fog Tea Latte,short,nonfat,236,80,0.1,0.1,50,15,15,40,6.3559322033898304
London Fog Tea Latte,short,2% milk,236,100,2.0,1.5,55,15,15,40,6.3559322033898304
London Fog Tea Latte,short,whole,236,110,3.5,2.0,50,15,15,40,6.3559322033898304
London Fog Tea Latte,short,soy,236,80,1.5,0.2,40,13,12,40,5.084745762711865
London Fog Tea Latte,short,coconut,236,80,2.5,2.5,45,14,13,40,5.508474576271186
London Fog Tea Latte,tall,nonfat,354,110,0.1,0.1,70,23,23,40,6.497175141242938
London Fog Tea Latte,tall,2% milk,354,140,3.0,2.0,80,23,23,40,6.497175141242938
London Fog Tea Latte,tall,whole,354,160,5.0,3.0,75,23,23,40,6.497175141242938
London Fog Tea Latte,tall,soy,354,120,2.5,0.3,60,20,18,40,5.084745762711865
London Fog Tea Latte,tall,coconut,354,120,3.5,3.5,70,20,20,40,5.649717514124294
London Fog Tea Latte,grande,nonfat,473,150,0.2,0.1,95,30,30,40,6.342494714587738
London Fog Tea Latte,grande,2% milk,473,180,4.0,2.5,105,30,30,40,6.342494714587738
London Fog Tea Latte,grande,whole,473,210,7.0,4.0,95,30,30,40,6.342494714587738
London Fog Tea Latte,grande,soy,473,160,3.0,0.4,80,26,24,40,5.07399577167019
London Fog Tea Latte,grande,coconut,473,150,4.5,4.5,90,27,26,40,5.496828752642706
London Fog Tea Latte,venti,nonfat,591,190,0.2,0.1,120,38,38,40,6.429780033840947
London Fog Tea Latte,venti,2% milk,591,230,5.0,3.5,135,38,38,40,6.429780033840947
London Fog Tea Latte,venti,whole,591,260,9.0,5.0,125,38,38,40,6.429780033840947
London Fog Tea Latte,venti,soy,591,200,4.0,0.5,105,33,31,40,5.245346869712352
London Fog Tea Latte,venti,coconut,591,190,6.0,6.0,115,34,33,40,5.583756345177665
Iced Mango Black Tea,tall,none,354,60,0.1,0.0,10,14,14,25,3.954802259887006
Iced Mango Black Tea,grande,none,473,80,0.2,0.0,10,19,19,30,4.0169133192389
Iced Mango Black Tea,venti,none,709,120,0.3,0.0,15,29,28,45,3.9492242595204514
Iced Mango Black Tea,trenta,none,887,140,0.3,0.0,20,34,33,55,3.720405862457723
Iced Mango Black Tea Lemonade,tall,none,354,90,0.1,0.0,5,24,23,25,6.497175141242938
Iced Mango Black Tea Lemonade,grande,none,473,120,0.2,0.0,10,31,31,30,6.553911205073996
Iced Mango Black Tea Lemonade,venti,none,709,190,0.3,0.0,10,47,46,45,6.488011283497884
Iced Mango Black Tea Lemonade,trenta,none,887,230,0.3,0.0,15,58,57,55,6.426155580608793
Mint Majesty Brewed Tea,short,none,236,0,0.0,0.0,0,0,0,0,0.0
Mint Majesty Brewed Tea,tall,none,354,0,0.0,0.0,0,0,0,0,0.0
Mint Majesty Brewed Tea,grande,none,473,0,0.0,0.0,0,0,0,0,0.0
Mint Majesty Brewed Tea,venti,none,591,0,0.0,0.0,0,0,0,0,0.0
Oprah Chai Herbal Brewed Tea,short,none,236,0,0.0,0.0,0,0,0,0,0.0
Oprah Chai Herbal Brewed Tea,tall,none,354,0,0.0,0.0,0,0,0,0,0.0
Oprah Chai Herbal Brewed Tea,grande,none,473,0,0.0,0.0,0,0,0,0,0.0
Oprah Chai Herbal Brewed Tea,venti,none,591,0,0.0,0.0,0,0,0,0,0.0
Oprah Cinnamon Chai Brewed Tea,short,none,236,0,0.0,0.0,0,0,0,15,0.0
Oprah Cinnamon Chai Brewed Tea,tall,none,354,0,0.0,0.0,0,0,0,15,0.0
Oprah Cinnamon Chai Brewed Tea,grande,none,473,0,0.0,0.0,0,0,0,25,0.0
Oprah Cinnamon Chai Brewed Tea,venti,none,591,0,0.0,0.0,0,0,0,25,0.0
Oprah Cinnamon Chai Latte,short,nonfat,236,80,0.1,0.1,45,17,16,25,6.779661016949152
Oprah Cinnamon Chai Latte,short,2% milk,236,100,2.0,1.5,50,16,15,25,6.3559322033898304
Oprah Cinnamon Chai Latte,short,whole,236,110,3.5,2.0,50,16,15,25,6.3559322033898304
Oprah Cinnamon Chai Latte,short,soy,236,90,1.5,0.2,40,15,13,25,5.508474576271186
Oprah Cinnamon Chai Latte,short,coconut,236,80,2.5,2.5,45,15,14,25,5.932203389830509
Oprah Cinnamon Chai Latte,tall,nonfat,354,130,0.1,0.1,70,25,23,40,6.497175141242938
Oprah Cinnamon Chai Latte,tall,2% milk,354,150,3.0,2.0,80,25,23,40,6.497175141242938
Oprah Cinnamon Chai Latte,tall,whole,354,170,5.0,3.0,70,25,23,40,6.497175141242938
Oprah Cinnamon Chai Latte,tall,soy,354,130,2.5,0.3,70,22,21,40,5.932203389830509
Oprah Cinnamon Chai Latte,tall,coconut,354,130,3.5,3.5,70,22,21,40,5.932203389830509
Oprah Cinnamon Chai Latte,grande,nonfat,473,170,0.2,0.1,90,33,31,50,6.553911205073996
Oprah Cinnamon Chai Latte,grande,2% milk,473,200,4.0,2.5,100,33,31,50,6.553911205073996
Oprah Cinnamon Chai Latte,grande,whole,473,220,7.0,4.0,95,33,31,50,6.553911205073996
Oprah Cinnamon Chai Latte,grande,soy,473,170,3.0,0.4,80,29,25,50,5.2854122621564485
Oprah Cinnamon Chai Latte,grande,coconut,473,170,4.5,4.5,90,30,28,50,5.9196617336152215
Oprah Cinnamon Chai Latte,venti,nonfat,591,210,0.2,0.1,115,41,39,65,6.598984771573605
Oprah Cinnamon Chai Latte,venti,2% milk,591,250,5.0,3.5,130,41,38,65,6.429780033840947
Oprah Cinnamon Chai Latte,venti,whole,591,280,9.0,5.0,120,41,38,65,6.429780033840947
Oprah Cinnamon Chai Latte,venti,soy,591,220,4.0,0.5,100,36,32,65,5.414551607445008
Oprah Cinnamon Chai Latte,venti,coconut,591,210,6.0,6.0,115,37,34,65,5.752961082910321
Iced Oprah Cinnamon Chai Latte,tall,nonfat,354,120,0.1,0.1,70,24,23,40,6.497175141242938
Iced Oprah Cinnamon Chai Latte,tall,2% milk,354,150,3.0,2.0,75,24,23,40,6.497175141242938
Iced Oprah Cinnamon Chai Latte,tall,whole,354,160,5.0,3.0,70,24,23,40,6.497175141242938
Iced Oprah Cinnamon Chai Latte,tall,soy,354,130,2.5,0.3,65,22,19,40,5.367231638418079
Iced Oprah Cinnamon Chai Latte,tall,coconut,354,120,3.5,3.0,65,22,20,40,5.649717514124294
Iced Oprah Cinnamon Chai Latte,grande,nonfat,473,170,0.2,0.1,95,33,31,50,6.553911205073996
Iced Oprah Cinnamon Chai Latte,grande,2% milk,473,200,4.0,2.5,105,33,31,50,6.553911205073996
Iced Oprah Cinnamon Chai Latte,grande,whole,473,220,7.0,4.0,95,33,31,50,6.553911205073996
Iced Oprah Cinnamon Chai Latte,grande,soy,473,180,3.5,0.4,85,29,26,50,5.496828752642706
Iced Oprah Cinnamon Chai Latte,grande,coconut,473,170,4.5,4.5,90,30,27,50,5.708245243128964
Iced Oprah Cinnamon Chai Latte,venti,nonfat,709,240,0.2,0.2,130,48,45,75,6.346967559943582
Iced Oprah Cinnamon Chai Latte,venti,2% milk,709,290,6.0,3.5,150,48,45,75,6.346967559943582
Iced Oprah Cinnamon Chai Latte,venti,whole,709,320,9.0,5.0,135,48,45,75,6.346967559943582
Iced Oprah Cinnamon Chai Latte,venti,soy,709,260,4.5,0.5,120,43,38,75,5.359661495063469
Iced Oprah Cinnamon Chai Latte,venti,coconut,709,240,6.0,6.0,125,44,40,75,5.6417489421720735
Passion Tango Brewed Tea,short,none,236,0,0.0,0.0,0,0,0,0,0.0
Passion Tango Brewed Tea,tall,none,354,0,0.0,0.0,0,0,0,0,0.0
Passion Tango Brewed Tea,grande,none,473,0,0.0,0.0,0,0,0,0,0.0
Passion Tango Brewed Tea,venti,none,591,0,0.0,0.0,0,0,0,0,0.0
Iced Passion Tango Tea,tall,none,354,60,0.0,0.0,5,15,15,0,4.23728813559322
Iced Passion Tango Tea,grande,none,473,80,0.0,0.0,10,20,20,0,4.2283298097251585
Iced Passion Tango Tea,venti,none,709,120,0.0,0.0,15,30,30,0,4.231311706629055
Iced Passion Tango Tea,trenta,none,887,140,0.0,0.0,20,35,34,0,3.8331454340473505
Iced Passion Tango Tea Lemonade,tall,none,354,90,0.0,0.0,5,24,24,0,6.779661016949152
Iced Passion Tango Tea Lemonade,grande,none,473,120,0.0,0.0,5,32,32,0,6.765327695560254
Iced Passion Tango Tea Lemonade,venti,none,709,190,0.0,0.0,10,48,47,0,6.629055007052186
Iced Passion Tango Tea Lemonade,trenta,none,887,220,0.0,0.0,10,58,57,0,6.426155580608793
Peach Iced Green Tea,tall,none,354,60,0.1,0.0,0,15,15,25,4.23728813559322
Peach Iced Green Tea,grande,none,473,80,0.2,0.0,0,20,20,30,4.2283298097251585
Peach Iced Green Tea,venti,none,709,130,0.3,0.0,2,31,30,45,4.231311706629055
Peach Iced Green Tea,trenta,none,887,150,0.3,0.0,2,36,35,55,3.9458850056369785
Peach Iced Green Tea Lemonade,tall,none,354,100,0.1,0.0,0,25,24,25,6.779661016949152
Peach Iced Green Tea Lemonade,grande,none,473,130,0.2,0.0,1,33,32,30,6.765327695560254
Peach Iced Green Tea Lemonade,venti,none,709,190,0.3,0.0,2,49,48,45,6.770098730606488
Peach Iced Green Tea Lemonade,trenta,none,887,240,0.3,0.0,2,60,59,55,6.6516347237880495
Peach Tranquility Brewed Tea,short,none,236,0,0.0,0.0,0,0,0,0,0.0
Peach Tranquility Brewed Tea,tall,none,354,0,0.0,0.0,0,0,0,0,0.0
Peach Tranquility Brewed Tea,grande,none,473,0,0.0,0.0,0,0,0,0,0.0
Peach Tranquility Brewed Tea,venti,none,591,0,0.0,0.0,0,0,0,0,0.0
Youthberry Brewed Tea,short,none,236,0,0.0,0.0,0,0,0,15,0.0
Youthberry Brewed Tea,tall,none,354,0,0.0,0.0,0,0,0,15,0.0
Youthberry Brewed Tea,grande,none,473,0,0.0,0.0,0,0,0,25,0.0
Youthberry Brewed Tea,venti,none,591,0,0.0,0.0,0,0,0,25,0.0
Cool Lime Starbucks Refreshers,tall,none,354,60,0.0,0.0,2,14,14,45,3.954802259887006
Cool Lime Starbucks Refreshers,grande,none,473,70,0.0,0.0,2,19,18,55,3.8054968287526427
Cool Lime Starbucks Refreshers,venti,none,709,110,0.0,0.0,3,28,27,85,3.80818053596615
Cool Lime Starbucks Refreshers,trenta,none,887,150,0.0,0.0,4,37,36,110,4.058624577226606
Very Berry Hibiscus Starbucks Refreshers,tall,none,354,70,0.1,0.0,2,18,15,45,4.23728813559322
Very Berry Hibiscus Starbucks Refreshers,grande,none,473,90,0.1,0.0,3,22,20,55,4.2283298097251585
Very Berry Hibiscus Starbucks Refreshers,venti,none,709,130,0.1,0.0,4,32,29,85,4.090267983074753
Very Berry Hibiscus Starbucks Refreshers,trenta,none,887,180,0.2,0.0,5,44,40,110,4.509582863585118
Chocolate Smoothie,grande,nonfat,473,300,2.5,1.5,160,53,34,20,7.188160676532769
Chocolate Smoothie,grande,2% milk,473,320,5.0,3.0,170,53,34,20,7.188160676532769
Chocolate Smoothie,grande,whole,473,340,7.0,4.0,160,53,34,20,7.188160676532769
Chocolate Smoothie,grande,soy,473,310,4.5,1.5,150,51,31,20,6.553911205073996
Chocolate Smoothie,grande,coconut,473,290,5.0,4.0,150,51,32,20,6.765327695560254
Orange Mango Smoothie,grande,nonfat,473,260,1.0,0.3,120,54,37,0,7.822410147991543
Orange Mango Smoothie,grande,2% milk,473,270,1.5,0.5,125,53,37,0,7.822410147991543
Orange Mango Smoothie,grande,whole,473,280,2.5,1.0,120,53,37,0,7.822410147991543
Orange Mango Smoothie,grande,soy,473,270,1.5,0.4,120,53,36,0,7.6109936575052854
Orange Mango Smoothie,grande,coconut,473,260,1.5,1.0,120,53,36,0,7.6109936575052854
Strawberry Smoothie,grande,nonfat,473,290,1.0,0.3,125,60,41,0,8.668076109936575
Strawberry Smoothie,grande,2% milk,473,300,2.0,1.0,130,60,41,0,8.668076109936575
Strawberry Smoothie,grande,whole,473,300,2.5,1.0,125,60,41,0,8.668076109936575
Strawberry Smoothie,grande,soy,473,290,1.5,0.4,125,59,40,0,8.456659619450317
Strawberry Smoothie,grande,coconut,473,290,2.0,1.0,125,59,41,0,8.668076109936575
Caffè Vanilla Frappuccino Blended,tall,nonfat,354,200,0.1,0.1,150,47,46,65,12.994350282485875
Caffè Vanilla Frappuccino Blended,tall,nonfat,354,280,8.0,5.0,160,50,48,65,13.559322033898304
Caffè Vanilla Frappuccino Blended,tall,2% milk,354,210,1.5,1.0,160,47,46,65,12.994350282485875
Caffè Vanilla Frappuccino Blended,tall,2% milk,354,290,10.0,6.0,170,50,48,65,13.559322033898304
Caffè Vanilla Frappuccino Blended,tall,whole,354,220,2.5,1.5,150,47,46,65,12.994350282485875
Caffè Vanilla Frappuccino Blended,tall,whole,354,300,11.0,6.0,160,50,48,65,13.559322033898304
Caffè Vanilla Frappuccino Blended,tall,soy,354,200,1.5,0.2,150,46,44,65,12.429378531073446
Caffè Vanilla Frappuccino Blended,tall,soy,354,290,9.0,5.0,160,48,46,65,12.994350282485875
Caffè Vanilla Frappuccino Blended,tall,coconut,354,200,1.5,1.5,150,47,45,65,12.711864406779661
Caffè Vanilla Frappuccino Blended,tall,coconut,354,280,10.0,7.0,160,49,47,65,13.27683615819209
Caffè Vanilla Frappuccino Blended,grande,nonfat,473,290,0.1,0.1,220,69,67,95,14.16490486257928
Caffè Vanilla Frappuccino Blended,grande,nonfat,473,400,11.0,7.0,230,72,69,95,14.587737843551796
Caffè Vanilla Frappuccino Blended,grande,2% milk,473,300,2.0,1.0,220,68,67,95,14.16490486257928
Caffè Vanilla Frappuccino Blended,grande,2% milk,473,420,13.0,8.0,230,72,69,95,14.587737843551796
Caffè Vanilla Frappuccino Blended,grande,whole,473,310,3.0,2.0,220,68,67,95,14.16490486257928
Caffè Vanilla Frappuccino Blended,grande,whole,473,430,14.0,9.0,230,72,69,95,14.587737843551796
Caffè Vanilla Frappuccino Blended,grande,soy,473,290,1.5,0.2,210,67,64,95,13.530655391120508
Caffè Vanilla Frappuccino Blended,grande,soy,473,410,13.0,7.0,220,70,67,95,14.16490486257928
Caffè Vanilla Frappuccino Blended,grande,coconut,473,290,2.0,2.0,210,68,66,95,13.953488372093023
Caffè Vanilla Frappuccino Blended,grande,coconut,473,400,13.0,9.0,220,71,69,95,14.587737843551796
Caffè Vanilla Frappuccino Blended,venti,nonfat,709,370,0.2,0.1,290,88,86,125,12.129760225669958
Caffè Vanilla Frappuccino Blended,venti,nonfat,709,490,11.0,7.0,300,92,88,125,12.411847672778562
Caffè Vanilla Frappuccino Blended,venti,2% milk,709,400,3.0,1.5,290,88,86,125,12.129760225669958
Caffè Vanilla Frappuccino Blended,venti,2% milk,709,510,14.0,8.0,300,91,88,125,12.411847672778562
Caffè Vanilla Frappuccino Blended,venti,whole,709,410,5.0,2.5,290,88,86,125,12.129760225669958
Caffè Vanilla Frappuccino Blended,venti,whole,709,530,16.0,10.0,300,91,88,125,12.411847672778562
Caffè Vanilla Frappuccino Blended,venti,soy,709,380,2.5,0.3,280,86,82,125,11.56558533145275
Caffè Vanilla Frappuccino Blended,venti,soy,709,500,14.0,7.0,290,89,85,125,11.988716502115656
Caffè Vanilla Frappuccino Blended,venti,coconut,709,380,3.0,3.0,280,87,84,125,11.847672778561353
Caffè Vanilla Frappuccino Blended,venti,coconut,709,490,14.0,10.0,290,90,87,125,12.270803949224259
Caramel Frappuccino Blended,tall,nonfat,354,180,0.1,0.0,160,42,42,70,11.864406779661017
Caramel Frappuccino Blended,tall,nonfat,354,280,9.0,5.0,180,47,47,70,13.27683615819209
Caramel Frappuccino Blended,tall,2% milk,354,190,1.5,1.0,170,42,42,70,11.864406779661017
Caramel Frappuccino Blended,tall,2% milk,354,290,10.0,6.0,180,47,46,70,12.994350282485875
Caramel Frappuccino Blended,tall,whole,354,200,2.5,1.5,160,42,42,70,11.864406779661017
Caramel Frappuccino Blended,tall,whole,354,300,11.0,7.0,180,47,46,70,12.994350282485875
Caramel Frappuccino Blended,tall,soy,354,190,1.5,0.2,160,41,40,70,11.299435028248588
Caramel Frappuccino Blended,tall,soy,354,280,10.0,6.0,170,46,45,70,12.711864406779661
Caramel Frappuccino Blended,tall,coconut,354,180,2.0,1.5,160,41,40,70,11.299435028248588
Caramel Frappuccino Blended,tall,coconut,354,280,10.0,7.0,170,46,45,70,12.711864406779661
Caramel Frappuccino Blended,grande,nonfat,473,260,0.1,0.1,230,60,60,100,12.684989429175475
Caramel Frappuccino Blended,grande,nonfat,473,390,12.0,8.0,240,67,66,100,13.953488372093023
Caramel Frappuccino Blended,grande,2% milk,473,270,2.0,1.5,230,60,60,100,12.684989429175475
Caramel Frappuccino Blended,grande,2% milk,473,410,14.0,9.0,250,67,66,100,13.953488372093023
Caramel Frappuccino Blended,grande,whole,473,280,3.5,2.0,230,60,60,100,12.684989429175475
Caramel Frappuccino Blended,grande,whole,473,420,15.0,9.0,250,67,66,100,13.953488372093023
Caramel Frappuccino Blended,grande,soy,473,260,1.5,0.2,220,59,57,100,12.050739957716702
Caramel Frappuccino Blended,grande,soy,473,400,14.0,8.0,240,65,63,100,13.31923890063425
Caramel Frappuccino Blended,grande,coconut,473,260,2.0,2.0,220,59,58,100,12.26215644820296
Caramel Frappuccino Blended,grande,coconut,473,390,14.0,10.0,240,65,64,100,13.530655391120508
Caramel Frappuccino Blended,venti,nonfat,709,340,0.1,0.1,300,79,78,130,11.001410437235542
Caramel Frappuccino Blended,venti,nonfat,709,470,12.0,8.0,320,85,84,130,11.847672778561353
Caramel Frappuccino Blended,venti,2% milk,709,360,3.0,2.0,310,78,78,130,11.001410437235542
Caramel Frappuccino Blended,venti,2% milk,709,500,15.0,9.0,330,85,84,130,11.847672778561353
Caramel Frappuccino Blended,venti,whole,709,380,5.0,3.0,300,78,78,130,11.001410437235542
Caramel Frappuccino Blended,venti,whole,709,510,17.0,10.0,320,85,84,130,11.847672778561353
Caramel Frappuccino Blended,venti,soy,709,350,2.5,0.3,290,76,74,130,10.437235543018335
Caramel Frappuccino Blended,venti,soy,709,480,14.0,8.0,310,83,80,130,11.283497884344147
Caramel Frappuccino Blended,venti,coconut,709,340,3.5,3.0,300,76,75,130,10.578279266572638
Caramel Frappuccino Blended,venti,coconut,709,470,15.0,11.0,320,83,81,130,11.42454160789845
Coffee Frappuccino Blended,tall,nonfat,354,160,0.1,0.0,160,36,36,70,10.16949152542373
Coffee Frappuccino Blended,tall,2% milk,354,170,1.5,1.0,160,36,36,70,10.16949152542373
Coffee Frappuccino Blended,tall,whole,354,180,2.5,1.5,160,36,36,70,10.16949152542373
Coffee Frappuccino Blended,tall,soy,354,160,1.5,0.2,150,35,34,70,9.6045197740113
Coffee Frappuccino Blended,tall,coconut,354,160,2.0,1.5,150,36,35,70,9.887005649717514
Coffee Frappuccino Blended,grande,nonfat,473,220,0.1,0.1,210,51,50,95,10.570824524312897
Coffee Frappuccino Blended,grande,2% milk,473,230,2.0,1.0,220,50,50,95,10.570824524312897
Coffee Frappuccino Blended,grande,whole,473,240,3.0,2.0,220,50,50,95,10.570824524312897
Coffee Frappuccino Blended,grande,soy,473,220,1.5,0.2,210,49,47,95,9.936575052854122
Coffee Frappuccino Blended,grande,coconut,473,220,2.0,2.0,210,50,49,95,10.359408033826638
Coffee Frappuccino Blended,venti,nonfat,709,310,0.1,0.1,300,70,69,130,9.732016925246826
Coffee Frappuccino Blended,venti,2% milk,709,330,3.0,1.5,310,70,69,130,9.732016925246826
Coffee Frappuccino Blended,venti,whole,709,350,5.0,3.0,300,70,69,130,9.732016925246826
Coffee Frappuccino Blended,venti,soy,709,310,2.5,0.3,300,68,66,130,9.30888575458392
Coffee Frappuccino Blended,venti,coconut,709,310,3.5,3.0,300,69,68,135,9.590973201692526
Espresso Frappuccino Blended,tall,nonfat,354,150,0.0,0.0,135,34,33,130,9.322033898305085
Espresso Frappuccino Blended,tall,2% milk,354,150,1.0,0.5,140,34,33,130,9.322033898305085
Espresso Frappuccino Blended,tall,whole,354,160,1.5,1.0,140,34,33,130,9.322033898305085
Espresso Frappuccino Blended,tall,soy,354,150,1.0,0.1,135,33,31,130,8.757062146892656
Espresso Frappuccino Blended,tall,coconut,354,150,1.0,1.0,135,34,32,130,9.03954802259887
Espresso Frappuccino Blended,grande,nonfat,473,210,0.1,0.0,200,50,49,165,10.359408033826638
Espresso Frappuccino Blended,grande,2% milk,473,220,1.5,0.5,210,50,48,165,10.14799154334038
Espresso Frappuccino Blended,grande,whole,473,230,2.5,1.5,200,50,48,165,10.14799154334038
Espresso Frappuccino Blended,grande,soy,473,220,1.0,0.1,200,49,47,165,9.936575052854122
Espresso Frappuccino Blended,grande,coconut,473,220,1.5,1.5,200,50,48,165,10.14799154334038
Espresso Frappuccino Blended,venti,nonfat,709,280,0.1,0.1,270,65,63,185,8.885754583921015
Espresso Frappuccino Blended,venti,2% milk,709,300,2.5,1.0,280,65,63,185,8.885754583921015
Espresso Frappuccino Blended,venti,whole,709,310,4.0,2.0,270,65,63,185,8.885754583921015
Espresso Frappuccino Blended,venti,soy,709,290,2.0,0.3,270,63,60,165,8.46262341325811
Espresso Frappuccino Blended,venti,coconut,709,280,2.5,2.5,270,64,62,165,8.744710860366714
Java Chip Frappuccino Blended,tall,nonfat,354,230,3.0,2.0,180,47,44,75,12.429378531073446
Java Chip Frappuccino Blended,tall,nonfat,354,230,11.0,7.0,190,51,47,75,13.27683615819209
Java Chip Frappuccino Blended,tall,2% milk,354,240,4.5,3.0,180,47,44,75,12.429378531073446
Java Chip Frappuccino Blended,tall,2% milk,354,330,12.0,8.0,190,51,47,75,13.27683615819209
Java Chip Frappuccino Blended,tall,whole,354,250,5.0,3.5,180,47,44,75,12.429378531073446
Java Chip Frappuccino Blended,tall,whole,354,340,13.0,9.0,190,51,47,75,13.27683615819209
Java Chip Frappuccino Blended,tall,soy,354,230,4.0,2.5,180,46,42,75,11.864406779661017
Java Chip Frappuccino Blended,tall,soy,354,320,12.0,7.0,180,50,45,75,12.711864406779661
Java Chip Frappuccino Blended,tall,coconut,354,230,4.5,3.5,180,46,43,75,12.146892655367232
Java Chip Frappuccino Blended,tall,coconut,354,320,13.0,9.0,180,50,46,75,12.994350282485875
Java Chip Frappuccino Blended,grande,nonfat,473,320,4.0,3.0,250,68,63,110,13.31923890063425
Java Chip Frappuccino Blended,grande,nonfat,473,440,15.0,10.0,260,72,67,110,14.16490486257928
Java Chip Frappuccino Blended,grande,2% milk,473,340,6.0,4.5,260,58,63,110,13.31923890063425
Java Chip Frappuccino Blended,grande,2% milk,473,460,17.0,11.0,270,72,66,110,13.953488372093023
Java Chip Frappuccino Blended,grande,whole,473,350,7.0,5.0,250,68,63,110,13.31923890063425
Java Chip Frappuccino Blended,grande,whole,473,470,18.0,12.0,260,72,66,110,13.953488372093023
Java Chip Frappuccino Blended,grande,soy,473,330,6.0,3.5,250,66,61,110,12.896405919661733
Java Chip Frappuccino Blended,grande,soy,473,450,17.0,10.0,260,71,64,110,13.530655391120508
Java Chip Frappuccino Blended,grande,coconut,473,320,6.0,5.0,250,66,61,110,12.896405919661733
Java Chip Frappuccino Blended,grande,coconut,473,440,17.0,12.0,260,71,66,110,13.953488372093023
Java Chip Frappuccino Blended,venti,nonfat,709,440,6.0,4.0,340,91,85,145,11.988716502115656
Java Chip Frappuccino Blended,venti,nonfat,709,560,17.0,11.0,350,96,89,145,12.552891396332862
Java Chip Frappuccino Blended,venti,2% milk,709,460,8.0,6.0,350,91,85,145,11.988716502115656
Java Chip Frappuccino Blended,venti,2% milk,709,580,20.0,13.0,360,96,88,145,12.411847672778562
Java Chip Frappuccino Blended,venti,whole,709,480,10.0,7.0,340,91,85,145,11.988716502115656
Java Chip Frappuccino Blended,venti,whole,709,600,22.0,14.0,360,96,88,145,12.411847672778562
Java Chip Frappuccino Blended,venti,soy,709,450,8.0,4.5,340,89,81,145,11.42454160789845
Java Chip Frappuccino Blended,venti,soy,709,570,19.0,11.0,350,93,85,145,11.988716502115656
Java Chip Frappuccino Blended,venti,coconut,709,440,9.0,7.0,340,89,82,145,11.56558533145275
Java Chip Frappuccino Blended,venti,coconut,709,560,20.0,14.0,350,94,87,145,12.270803949224259
Iced Caffè Mocha,tall,nonfat,354,190,0.5,0.4,160,42,40,75,11.299435028248588
Iced Caffè Mocha,tall,nonfat,354,270,9.0,5.0,170,45,42,75,11.864406779661017
Iced Caffè Mocha,tall,2% milk,354,200,2.0,1.5,160,42,40,75,11.299435028248588
Iced Caffè Mocha,tall,2% milk,354,280,10.0,6.0,170,44,42,75,11.864406779661017
Iced Caffè Mocha,tall,whole,354,210,3.0,2.0,160,42,40,75,11.299435028248588
Iced Caffè Mocha,tall,whole,354,290,11.0,7.0,170,44,42,75,11.864406779661017
Iced Caffè Mocha,tall,soy,354,190,2.0,0.5,160,41,38,75,10.734463276836157
Iced Caffè Mocha,tall,soy,354,270,10.0,5.0,160,43,40,75,11.299435028248588
Iced Caffè Mocha,tall,coconut,354,190,2.0,2.0,160,41,39,75,11.016949152542372
Iced Caffè Mocha,tall,coconut,354,270,10.0,7.0,160,43,41,75,11.581920903954803
Iced Caffè Mocha,grande,nonfat,473,270,1.0,0.5,230,61,59,110,12.473572938689218
Iced Caffè Mocha,grande,nonfat,473,390,12.0,8.0,240,65,61,110,12.896405919661733
Iced Caffè Mocha,grande,2% milk,473,290,3.0,1.5,230,61,58,110,12.26215644820296
Iced Caffè Mocha,grande,2% milk,473,400,14.0,9.0,240,65,61,110,12.896405919661733
Iced Caffè Mocha,grande,whole,473,300,4.0,2.5,230,61,58,110,12.26215644820296
Iced Caffè Mocha,grande,whole,473,410,15.0,9.0,240,65,61,110,12.896405919661733
Iced Caffè Mocha,grande,soy,473,280,2.5,0.5,220,60,56,110,11.839323467230443
Iced Caffè Mocha,grande,soy,473,390,14.0,8.0,230,63,58,110,12.26215644820296
Iced Caffè Mocha,grande,coconut,473,270,3.0,2.5,220,60,57,110,12.050739957716702
Iced Caffè Mocha,grande,coconut,473,390,14.0,9.0,230,63,60,110,12.684989429175475
Iced Caffè Mocha,venti,nonfat,709,360,1.0,0.5,300,81,77,140,10.860366713681241
Iced Caffè Mocha,venti,nonfat,709,480,12.0,8.0,320,84,80,140,11.283497884344147
Iced Caffè Mocha,venti,2% milk,709,390,4.0,2.5,310,81,77,140,10.860366713681241
Iced Caffè Mocha,venti,2% milk,709,500,15.0,9.0,320,84,80,140,11.283497884344147
Iced Caffè Mocha,venti,whole,709,400,6.0,3.5,310,81,77,140,10.860366713681241
Iced Caffè Mocha,venti,whole,709,520,17.0,10.0,320,84,80,140,11.283497884344147
Iced Caffè Mocha,venti,soy,709,370,3.5,1.0,300,79,74,140,10.437235543018335
Iced Caffè Mocha,venti,soy,709,490,15.0,8.0,310,82,76,140,10.719322990126939
Iced Caffè Mocha,venti,coconut,709,360,4.0,3.5,300,79,75,140,10.578279266572638
Iced Caffè Mocha,venti,coconut,709,470,15.0,11.0,310,82,78,140,11.001410437235542
Caffè Vanilla Frappuccino Light,tall,nonfat,354,140,0.1,0.1,150,31,30,65,8.47457627118644
Caffè Vanilla Frappuccino Light,grande,nonfat,473,190,0.1,0.1,210,43,41,95,8.668076109936575
Caffè Vanilla Frappuccino Light,venti,nonfat,709,250,0.2,0.1,280,58,55,125,7.757404795486601
Caramel Frappuccino Light,tall,nonfat,354,100,0.1,0.0,140,23,23,65,6.497175141242938
Caramel Frappuccino Light,grande,nonfat,473,150,0.1,0.1,200,33,32,90,6.765327695560254
Caramel Frappuccino Light,venti,nonfat,709,200,0.1,0.1,270,44,43,120,6.064880112834979
Coffee Frappuccino Light,tall,nonfat,354,90,0.1,0.0,160,2,19,70,5.367231638418079
Coffee Frappuccino Light,grande,nonfat,473,120,0.1,0.1,210,26,26,95,5.496828752642706
Coffee Frappuccino Light,venti,nonfat,709,160,0.1,0.1,270,34,33,120,4.65444287729196
Espresso Frappuccino Light,tall,nonfat,354,80,0.0,0.0,130,17,16,125,4.519774011299435
Espresso Frappuccino Light,grande,nonfat,473,120,0.1,0.0,190,26,24,155,5.07399577167019
Espresso Frappuccino Light,venti,nonfat,709,160,0.1,0.1,170,35,34,150,4.795486600846263
Java Chip Light Frappuccino,tall,nonfat,354,160,3.0,2.0,170,30,27,75,7.627118644067797
Java Chip Light Frappuccino,grande,nonfat,473,230,4.0,3.0,250,43,39,110,8.24524312896406
Java Chip Light Frappuccino,venti,nonfat,709,300,5.0,4.0,330,58,52,140,7.334273624823695
Mocha Light Frappuccino,tall,nonfat,354,120,0.5,0.4,150,24,23,70,6.497175141242938
Mocha Light Frappuccino,grande,nonfat,473,160,1.0,0.5,200,33,30,95,6.342494714587738
Mocha Light Frappuccino,venti,nonfat,709,220,1.0,0.5,290,46,42,130,5.923836389280677
Blended Strawberry Lemonade,tall,none,354,160,0.1,0.0,120,40,39,0,11.016949152542372
Blended Strawberry Lemonade,grande,none,473,200,0.1,0.0,160,52,50,0,10.570824524312897
Blended Strawberry Lemonade,venti,none,709,280,0.1,0.0,210,71,69,0,9.732016925246826
Chai Crème Frappuccino Blended,tall,nonfat,354,140,0.1,0.1,150,33,32,20,9.03954802259887
Chai Crème Frappuccino Blended,tall,nonfat,354,230,8.0,5.0,160,35,34,20,9.6045197740113
Chai Crème Frappuccino Blended,tall,2% milk,354,160,2.0,1.0,160,32,32,20,9.03954802259887
Chai Crème Frappuccino Blended,tall,2% milk,354,240,10.0,6.0,170,35,34,20,9.6045197740113
Chai Crème Frappuccino Blended,tall,whole,354,170,3.5,2.0,150,32,32,20,9.03954802259887
Chai Crème Frappuccino Blended,tall,whole,354,250,11.0,7.0,160,35,34,20,9.6045197740113
Chai Crème Frappuccino Blended,tall,soy,354,150,1.5,0.2,150,31,29,20,8.192090395480225
Chai Crème Frappuccino Blended,tall,soy,354,230,10.0,5.0,160,33,31,20,8.757062146892656
Chai Crème Frappuccino Blended,tall,coconut,354,140,2.0,2.0,150,31,30,20,8.47457627118644
Chai Crème Frappuccino Blended,tall,coconut,354,220,10.0,7.0,160,33,32,20,9.03954802259887
Chai Crème Frappuccino Blended,grande,nonfat,473,210,0.1,0.1,210,49,48,40,10.14799154334038
Chai Crème Frappuccino Blended,grande,nonfat,473,330,11.0,7.0,220,53,50,40,10.570824524312897
Chai Crème Frappuccino Blended,grande,2% milk,473,230,2.5,1.5,220,49,48,40,10.14799154334038
Chai Crème Frappuccino Blended,grande,2% milk,473,350,14.0,8.0,230,52,50,40,10.570824524312897
Chai Crème Frappuccino Blended,grande,whole,473,250,4.0,2.5,210,49,48,40,10.14799154334038
Chai Crème Frappuccino Blended,grande,whole,473,360,15.0,9.0,220,52,50,40,10.570824524312897
Chai Crème Frappuccino Blended,grande,soy,473,220,2.0,0.3,210,47,45,40,9.513742071881607
Chai Crème Frappuccino Blended,grande,soy,473,340,13.0,7.0,220,50,47,40,9.936575052854122
Chai Crème Frappuccino Blended,grande,coconut,473,210,2.5,2.5,210,47,46,40,9.725158562367865
Chai Crème Frappuccino Blended,grande,coconut,473,330,14.0,10.0,220,50,49,40,10.359408033826638
Chai Crème Frappuccino Blended,venti,nonfat,709,290,0.2,0.1,310,66,65,40,9.167842031029618
Chai Crème Frappuccino Blended,venti,nonfat,709,410,11.0,7.0,320,70,67,45,9.449929478138223
Chai Crème Frappuccino Blended,venti,2% milk,709,330,4.0,2.0,320,66,65,45,9.167842031029618
Chai Crème Frappuccino Blended,venti,2% milk,709,440,15.0,9.0,330,69,67,45,9.449929478138223
Chai Crème Frappuccino Blended,venti,whole,709,350,7.0,4.0,310,66,65,45,9.167842031029618
Chai Crème Frappuccino Blended,venti,whole,709,460,18.0,11.0,320,69,67,45,9.449929478138223
Chai Crème Frappuccino Blended,venti,soy,709,300,3.5,0.4,300,63,60,45,8.46262341325811
Chai Crème Frappuccino Blended,venti,soy,709,420,14.0,7.0,310,66,62,45,8.744710860366714
Chai Crème Frappuccino Blended,venti,coconut,709,290,4.5,4.0,300,63,61,45,8.603667136812412
Chai Crème Frappuccino Blended,venti,coconut,709,400,16.0,11.0,310,66,64,45,9.026798307475318
Double Chocolaty Chip Crème Frappuccino Blended,tall,nonfat,354,200,3.0,2.5,190,39,36,10,10.16949152542373
Double Chocolaty Chip Crème Frappuccino Blended,tall,nonfat,354,280,11.0,7.0,200,42,39,10,11.016949152542372
Double Chocolaty Chip Crème Frappuccino Blended,tall,2% milk,354,210,5.0,3.5,190,38,35,10,9.887005649717514
Double Chocolaty Chip Crème Frappuccino Blended,tall,2% milk,354,300,13.0,9.0,200,42,38,10,10.734463276836157
Double Chocolaty Chip Crème Frappuccino Blended,tall,whole,354,220,6.0,4.0,190,38,35,10,9.887005649717514
Double Chocolaty Chip Crème Frappuccino Blended,tall,whole,354,310,14.0,9.0,200,42,38,10,10.734463276836157
Double Chocolaty Chip Crème Frappuccino Blended,tall,soy,354,200,4.5,2.5,180,37,33,10,9.322033898305085
Double Chocolaty Chip Crème Frappuccino Blended,tall,soy,354,290,13.0,7.0,190,40,36,10,10.16949152542373
Double Chocolaty Chip Crème Frappuccino Blended,tall,coconut,354,200,5.0,4.5,190,37,34,10,9.6045197740113
Double Chocolaty Chip Crème Frappuccino Blended,tall,coconut,354,280,13.0,9.0,190,41,37,10,10.451977401129943
Double Chocolaty Chip Crème Frappuccino Blended,grande,nonfat,473,270,4.0,3.0,250,53,49,15,10.359408033826638
Double Chocolaty Chip Crème Frappuccino Blended,grande,nonfat,473,390,15.0,10.0,270,58,52,15,10.993657505285412
Double Chocolaty Chip Crème Frappuccino Blended,grande,2% milk,473,290,7.0,5.0,260,53,49,15,10.359408033826638
Double Chocolaty Chip Crème Frappuccino Blended,grande,2% milk,473,410,18.0,12.0,270,57,52,15,10.993657505285412
Double Chocolaty Chip Crème Frappuccino Blended,grande,whole,473,300,8.0,6.0,260,53,49,15,10.359408033826638
Double Chocolaty Chip Crème Frappuccino Blended,grande,whole,473,420,20.0,13.0,270,57,52,15,10.993657505285412
Double Chocolaty Chip Crème Frappuccino Blended,grande,soy,473,270,6.0,3.5,250,51,45,15,9.513742071881607
Double Chocolaty Chip Crème Frappuccino Blended,grande,soy,473,400,17.0,10.0,260,55,49,15,10.359408033826638
Double Chocolaty Chip Crème Frappuccino Blended,grande,coconut,473,270,7.0,6.0,250,51,46,15,9.725158562367865
Double Chocolaty Chip Crème Frappuccino Blended,grande,coconut,473,390,18.0,13.0,260,56,51,15,10.782241014799155
Double Chocolaty Chip Crème Frappuccino Blended,venti,nonfat,709,360,6.0,4.0,350,71,66,20,9.30888575458392
Double Chocolaty Chip Crème Frappuccino Blended,venti,nonfat,709,480,17.0,11.0,360,76,69,20,9.732016925246826
Double Chocolaty Chip Crème Frappuccino Blended,venti,2% milk,709,390,9.0,7.0,360,71,65,20,9.167842031029618
Double Chocolaty Chip Crème Frappuccino Blended,venti,2% milk,709,510,21.0,14.0,370,76,69,20,9.732016925246826
Double Chocolaty Chip Crème Frappuccino Blended,venti,whole,709,410,12.0,8.0,350,71,65,20,9.167842031029618
Double Chocolaty Chip Crème Frappuccino Blended,venti,whole,709,540,23.0,15.0,360,76,69,20,9.732016925246826
Double Chocolaty Chip Crème Frappuccino Blended,venti,soy,709,370,8.0,4.5,340,68,61,20,8.603667136812412
Double Chocolaty Chip Crème Frappuccino Blended,venti,soy,709,490,20.0,12.0,350,72,64,20,9.026798307475318
Double Chocolaty Chip Crème Frappuccino Blended,venti,coconut,709,360,10.0,8.0,340,68,62,20,8.744710860366714
Double Chocolaty Chip Crème Frappuccino Blended,venti,coconut,709,480,21.0,15.0,350,73,67,20,9.449929478138223
Green Tea Crème Frappuccino Blended,tall,nonfat,354,210,0.2,0.1,170,47,46,50,12.994350282485875
Green Tea Crème Frappuccino Blended,tall,nonfat,354,290,8.0,5.0,170,50,48,50,13.559322033898304
Green Tea Crème Frappuccino Blended,tall,2% milk,354,230,2.5,1.5,170,47,46,50,12.994350282485875
Green Tea Crème Frappuccino Blended,tall,2% milk,354,310,10.0,6.0,180,50,48,50,13.559322033898304
Green Tea Crème Frappuccino Blended,tall,whole,354,240,3.5,2.0,170,47,46,50,12.994350282485875
Green Tea Crème Frappuccino Blended,tall,whole,354,320,12.0,7.0,180,50,48,50,13.559322033898304
Green Tea Crème Frappuccino Blended,tall,soy,354,220,2.0,0.2,160,46,44,50,12.429378531073446
Green Tea Crème Frappuccino Blended,tall,soy,354,300,10.0,5.0,170,48,45,50,12.711864406779661
Green Tea Crème Frappuccino Blended,tall,coconut,354,210,2.5,2.5,160,46,44,50,12.429378531073446
Green Tea Crème Frappuccino Blended,tall,coconut,354,290,10.0,7.0,170,48,47,50,13.27683615819209
Green Tea Crème Frappuccino Blended,grande,nonfat,473,280,0.3,0.1,220,64,63,70,13.31923890063425
Green Tea Crème Frappuccino Blended,grande,nonfat,473,400,11.0,7.0,230,68,65,70,13.742071881606766
Green Tea Crème Frappuccino Blended,grande,2% milk,473,300,3.0,1.5,230,64,63,70,13.31923890063425
Green Tea Crème Frappuccino Blended,grande,2% milk,473,420,17.0,9.0,240,68,65,70,13.742071881606766
Green Tea Crème Frappuccino Blended,grande,whole,473,320,4.5,2.5,220,64,63,70,13.31923890063425
Green Tea Crème Frappuccino Blended,grande,whole,473,430,16.0,9.0,230,68,65,70,13.742071881606766
Green Tea Crème Frappuccino Blended,grande,soy,473,290,2.5,0.3,220,62,60,70,12.684989429175475
Green Tea Crème Frappuccino Blended,grande,soy,473,400,13.0,7.0,230,65,62,70,13.107822410147993
Green Tea Crème Frappuccino Blended,grande,coconut,473,280,3.0,3.0,220,62,61,70,12.896405919661733
Green Tea Crème Frappuccino Blended,grande,coconut,473,390,14.0,10.0,230,66,64,70,13.530655391120508
Green Tea Crème Frappuccino Blended,venti,nonfat,709,390,0.4,0.1,310,88,86,95,12.129760225669958
Green Tea Crème Frappuccino Blended,venti,nonfat,709,500,12.0,7.0,320,91,88,95,12.411847672778562
Green Tea Crème Frappuccino Blended,venti,2% milk,709,420,4.0,2.5,320,87,86,95,12.129760225669958
Green Tea Crème Frappuccino Blended,venti,2% milk,709,530,15.0,10.0,330,91,88,95,12.411847672778562
Green Tea Crème Frappuccino Blended,venti,whole,709,440,7.0,4.0,310,87,86,95,12.129760225669958
Green Tea Crème Frappuccino Blended,venti,whole,709,550,18.0,11.0,320,91,88,95,12.411847672778562
Green Tea Crème Frappuccino Blended,venti,soy,709,400,3.5,0.4,300,84,81,95,11.42454160789845
Green Tea Crème Frappuccino Blended,venti,soy,709,510,15.0,7.0,310,87,83,95,11.706629055007053
Green Tea Crème Frappuccino Blended,venti,coconut,709,380,4.5,4.0,300,85,82,95,11.56558533145275
Green Tea Crème Frappuccino Blended,venti,coconut,709,500,16.0,11.0,310,88,85,95,11.988716502115656
Oprah Cinnamon Chai Crème Frappuccino Blended,tall,nonfat,354,140,0.1,0.0,135,30,30,20,8.47457627118644
Oprah Cinnamon Chai Crème Frappuccino Blended,tall,nonfat,354,220,8.0,5.0,140,33,32,20,9.03954802259887
Oprah Cinnamon Chai Crème Frappuccino Blended,tall,2% milk,354,150,2.0,1.0,140,30,29,20,8.192090395480225
Oprah Cinnamon Chai Crème Frappuccino Blended,tall,2% milk,354,230,10.0,6.0,150,33,32,20,9.03954802259887
Oprah Cinnamon Chai Crème Frappuccino Blended,tall,whole,354,160,3.0,1.5,135,30,29,20,8.192090395480225
Oprah Cinnamon Chai Crème Frappuccino Blended,tall,whole,354,240,11.0,7.0,140,33,32,20,9.03954802259887
Oprah Cinnamon Chai Crème Frappuccino Blended,tall,soy,354,140,1.5,0.2,130,29,27,20,7.627118644067797
Oprah Cinnamon Chai Crème Frappuccino Blended,tall,soy,354,220,9.0,5.0,140,31,30,20,8.47457627118644
Oprah Cinnamon Chai Crème Frappuccino Blended,tall,coconut,354,140,2.0,2.0,135,29,28,20,7.909604519774012
Oprah Cinnamon Chai Crème Frappuccino Blended,tall,coconut,354,220,10.0,7.0,140,31,30,20,8.47457627118644
Oprah Cinnamon Chai Crème Frappuccino Blended,grande,nonfat,473,190,0.1,0.1,180,42,41,25,8.668076109936575
Oprah Cinnamon Chai Crème Frappuccino Blended,grande,nonfat,473,300,11.0,7.0,200,45,44,25,9.30232558139535
Oprah Cinnamon Chai Crème Frappuccino Blended,grande,2% milk,473,200,2.0,1.5,190,42,41,25,8.668076109936575
Oprah Cinnamon Chai Crème Frappuccino Blended,grande,2% milk,473,320,13.0,8.0,200,45,44,25,9.30232558139535
Oprah Cinnamon Chai Crème Frappuccino Blended,grande,whole,473,220,3.5,2.0,180,42,41,25,8.668076109936575
Oprah Cinnamon Chai Crème Frappuccino Blended,grande,whole,473,330,15.0,9.0,200,45,44,25,9.30232558139535
Oprah Cinnamon Chai Crème Frappuccino Blended,grande,soy,473,190,2.0,0.2,180,40,38,25,8.0338266384778
Oprah Cinnamon Chai Crème Frappuccino Blended,grande,soy,473,310,13.0,7.0,190,43,41,25,8.668076109936575
Oprah Cinnamon Chai Crème Frappuccino Blended,grande,coconut,473,190,2.5,2.5,180,40,39,25,8.24524312896406
Oprah Cinnamon Chai Crème Frappuccino Blended,grande,coconut,473,300,14.0,9.0,190,43,42,25,8.879492600422834
Oprah Cinnamon Chai Crème Frappuccino Blended,venti,nonfat,709,260,0.1,0.1,260,59,58,40,8.180535966149506
Oprah Cinnamon Chai Crème Frappuccino Blended,venti,nonfat,709,380,11.0,7.0,270,63,61,40,8.603667136812412
Oprah Cinnamon Chai Crème Frappuccino Blended,venti,2% milk,709,290,3.5,2.0,270,59,57,40,8.039492242595205
Oprah Cinnamon Chai Crème Frappuccino Blended,venti,2% milk,709,410,15.0,9.0,280,62,61,40,8.603667136812412
Oprah Cinnamon Chai Crème Frappuccino Blended,venti,whole,709,310,6.0,3.0,260,59,57,40,8.039492242595205
Oprah Cinnamon Chai Crème Frappuccino Blended,venti,whole,709,420,17.0,10.0,280,62,61,40,8.603667136812412
Oprah Cinnamon Chai Crème Frappuccino Blended,venti,soy,709,270,2.5,0.4,260,56,53,40,7.475317348377997
Oprah Cinnamon Chai Crème Frappuccino Blended,venti,soy,709,390,14.0,7.0,270,59,56,40,7.898448519040903
Oprah Cinnamon Chai Crème Frappuccino Blended,venti,coconut,709,270,4.0,3.5,260,57,55,40,7.757404795486601
Oprah Cinnamon Chai Crème Frappuccino Blended,venti,coconut,709,380,15.0,11.0,270,60,58,40,8.180535966149506
Strawberries & Crème Frappuccino Blended,tall,nonfat,354,170,0.1,0.1,140,38,37,0,10.451977401129943
Strawberries & Crème Frappuccino Blended,tall,nonfat,354,250,8.0,5.0,150,41,39,0,11.016949152542372
Strawberries & Crème Frappuccino Blended,tall,2% milk,354,180,2.0,1.0,150,38,37,0,10.451977401129943
Strawberries & Crème Frappuccino Blended,tall,2% milk,354,260,10.0,6.0,160,40,39,0,11.016949152542372
Strawberries & Crème Frappuccino Blended,tall,whole,354,190,3.0,1.5,140,38,37,0,10.451977401129943
Strawberries & Crème Frappuccino Blended,tall,whole,354,270,11.0,7.0,150,40,39,0,11.016949152542372
Strawberries & Crème Frappuccino Blended,tall,soy,354,170,1.5,0.2,140,37,35,0,9.887005649717514
Strawberries & Crème Frappuccino Blended,tall,soy,354,250,9.0,5.0,150,39,37,0,10.451977401129943
Strawberries & Crème Frappuccino Blended,tall,coconut,354,170,2.0,2.0,140,37,35,0,9.887005649717514
Strawberries & Crème Frappuccino Blended,tall,coconut,354,250,10.0,7.0,150,39,38,0,10.734463276836157
Strawberries & Crème Frappuccino Blended,grande,nonfat,473,230,0.2,0.1,200,53,52,0,10.993657505285412
Strawberries & Crème Frappuccino Blended,grande,nonfat,473,340,11.0,7.0,210,56,54,0,11.416490486257928
Strawberries & Crème Frappuccino Blended,grande,2% milk,473,250,2.5,1.5,200,53,51,0,10.782241014799155
Strawberries & Crème Frappuccino Blended,grande,2% milk,473,360,14.0,8.0,210,56,54,0,11.416490486257928
Strawberries & Crème Frappuccino Blended,grande,whole,473,260,4.0,2.0,200,53,51,0,10.782241014799155
Strawberries & Crème Frappuccino Blended,grande,whole,473,370,15.0,9.0,210,56,54,0,11.416490486257928
Strawberries & Crème Frappuccino Blended,grande,soy,473,240,2.0,0.2,190,51,49,0,10.359408033826638
Strawberries & Crème Frappuccino Blended,grande,soy,473,350,13.0,7.0,200,54,51,0,10.782241014799155
Strawberries & Crème Frappuccino Blended,grande,coconut,473,230,2.5,2.5,190,51,49,0,10.359408033826638
Strawberries & Crème Frappuccino Blended,grande,coconut,473,340,14.0,9.0,200,54,53,0,11.20507399577167
Strawberries & Crème Frappuccino Blended,venti,nonfat,709,300,0.2,0.1,270,70,68,0,9.590973201692526
Strawberries & Crème Frappuccino Blended,venti,nonfat,709,420,11.0,7.0,280,73,70,0,9.873060648801129
Strawberries & Crème Frappuccino Blended,venti,2% milk,709,330,3.5,2.0,280,69,68,0,9.590973201692526
Strawberries & Crème Frappuccino Blended,venti,2% milk,709,450,15.0,9.0,290,73,70,0,9.873060648801129
Strawberries & Crème Frappuccino Blended,venti,whole,709,350,6.0,3.0,270,69,68,0,9.590973201692526
Strawberries & Crème Frappuccino Blended,venti,whole,709,460,17.0,10.0,280,73,70,0,9.873060648801129
Strawberries & Crème Frappuccino Blended,venti,soy,709,310,3.0,0.4,260,67,63,0,8.885754583921015
Strawberries & Crème Frappuccino Blended,venti,soy,709,430,14.0,7.0,270,70,66,0,9.30888575458392
Strawberries & Crème Frappuccino Blended,venti,coconut,709,300,3.5,3.5,260,67,65,0,9.167842031029618
Strawberries & Crème Frappuccino Blended,venti,coconut,709,420,15.0,10.0,370,70,68,0,9.590973201692526
Vanilla Bean Crème Frappuccino Blended,tall,nonfat,354,170,0.1,0.1,160,39,38,0,10.734463276836157
Vanilla Bean Crème Frappuccino Blended,tall,nonfat,354,250,8.0,5.0,170,41,40,0,11.299435028248588
Vanilla Bean Crème Frappuccino Blended,tall,2% milk,354,190,2.0,1.0,170,39,38,0,10.734463276836157
Vanilla Bean Crème Frappuccino Blended,tall,2% milk,354,270,10.0,6.0,170,41,39,0,11.016949152542372
Vanilla Bean Crème Frappuccino Blended,tall,whole,354,200,3.5,2.0,160,39,38,0,10.734463276836157
Vanilla Bean Crème Frappuccino Blended,tall,whole,354,280,11.0,7.0,170,41,39,0,11.016949152542372
Vanilla Bean Crème Frappuccino Blended,tall,soy,354,180,1.5,0.2,160,37,35,0,9.887005649717514
Vanilla Bean Crème Frappuccino Blended,tall,soy,354,260,10.0,5.0,160,39,37,0,10.451977401129943
Vanilla Bean Crème Frappuccino Blended,tall,coconut,354,170,2.5,2.0,160,37,36,0,10.16949152542373
Vanilla Bean Crème Frappuccino Blended,tall,coconut,354,250,10.0,7.0,160,39,38,0,10.734463276836157
Vanilla Bean Crème Frappuccino Blended,grande,nonfat,473,240,0.1,0.1,230,56,55,0,11.627906976744185
Vanilla Bean Crème Frappuccino Blended,grande,nonfat,473,360,11.0,7.0,240,60,57,0,12.050739957716702
Vanilla Bean Crème Frappuccino Blended,grande,2% milk,473,270,3.0,1.5,240,56,55,0,11.627906976744185
Vanilla Bean Crème Frappuccino Blended,grande,2% milk,473,380,14.0,8.0,250,59,57,0,12.050739957716702
Vanilla Bean Crème Frappuccino Blended,grande,whole,473,280,4.5,2.5,230,56,55,0,11.627906976744185
Vanilla Bean Crème Frappuccino Blended,grande,whole,473,400,16.0,10.0,240,59,57,0,12.050739957716702
Vanilla Bean Crème Frappuccino Blended,grande,soy,473,250,2.5,0.3,220,54,51,0,10.782241014799155
Vanilla Bean Crème Frappuccino Blended,grande,soy,473,370,13.0,7.0,230,57,54,0,11.416490486257928
Vanilla Bean Crème Frappuccino Blended,grande,coconut,473,240,3.0,3.0,220,54,52,0,10.993657505285412
Vanilla Bean Crème Frappuccino Blended,grande,coconut,473,360,14.0,10.0,240,57,56,0,11.839323467230443
Vanilla Bean Crème Frappuccino Blended,venti,nonfat,709,320,0.2,0.1,300,73,71,0,10.01410437235543
Vanilla Bean Crème Frappuccino Blended,venti,nonfat,709,430,11.0,7.0,310,76,73,0,10.296191819464035
Vanilla Bean Crème Frappuccino Blended,venti,2% milk,709,350,4.0,2.0,310,73,71,0,10.01410437235543
Vanilla Bean Crème Frappuccino Blended,venti,2% milk,709,460,15.0,9.0,320,76,73,0,10.296191819464035
Vanilla Bean Crème Frappuccino Blended,venti,whole,709,370,7.0,4.0,300,73,71,0,10.01410437235543
Vanilla Bean Crème Frappuccino Blended,venti,whole,709,490,18.0,11.0,310,76,73,0,10.296191819464035
Vanilla Bean Crème Frappuccino Blended,venti,soy,709,330,3.0,0.4,290,69,66,0,9.30888575458392
Vanilla Bean Crème Frappuccino Blended,venti,soy,709,440,14.0,7.0,300,73,68,0,9.590973201692526
Vanilla Bean Crème Frappuccino Blended,venti,coconut,709,310,4.5,4.0,290,69,67,0,9.449929478138223
Vanilla Bean Crème Frappuccino Blended,venti,coconut,709,430,15.0,11.0,300,73,70,0,9.873060648801129
Caramel Apple Spice,short,none,236,140,0.0,0.0,10,35,33,0,13.983050847457626
Caramel Apple Spice,short,none,236,210,6.0,3.5,20,40,37,0,15.677966101694915
Caramel Apple Spice,tall,none,354,210,0.0,0.0,15,53,49,0,13.841807909604519
Caramel Apple Spice,tall,none,354,300,7.0,4.5,30,59,55,0,15.53672316384181
Caramel Apple Spice,grande,none,473,280,0.0,0.0,20,70,65,0,13.742071881606766
Caramel Apple Spice,grande,none,473,380,8.0,5.0,35,76,71,0,15.010570824524313
Caramel Apple Spice,venti,none,591,360,0.0,0.0,25,89,83,0,14.04399323181049
Caramel Apple Spice,venti,none,591,450,8.0,5.0,40,95,88,0,14.890016920473773
Hot Chocolate,short,nonfat,236,140,1.5,1.0,70,26,23,15,9.745762711864407
Hot Chocolate,short,nonfat,236,200,6.0,4.0,95,29,24,15,10.16949152542373
Hot Chocolate,short,2% milk,236,170,4.5,3.0,80,26,22,15,9.322033898305085
Hot Chocolate,short,2% milk,236,230,10.0,6.0,85,28,24,15,10.16949152542373
Hot Chocolate,short,whole,236,190,7.0,4.0,70,26,22,15,9.322033898305085
Hot Chocolate,short,whole,236,250,12.0,7.0,80,28,24,15,10.16949152542373
Hot Chocolate,short,soy,236,150,3.5,1.0,60,23,18,15,7.627118644067797
Hot Chocolate,short,soy,236,210,9.0,4.5,65,25,20,15,8.47457627118644
Hot Chocolate,short,coconut,236,140,5.0,4.5,70,23,20,15,8.47457627118644
Hot Chocolate,short,coconut,236,200,10.0,8.0,75,26,22,15,9.322033898305085
Hot Chocolate,tall,nonfat,354,210,2.0,1.0,110,37,32,20,9.03954802259887
Hot Chocolate,tall,nonfat,354,280,8.0,5.0,115,40,34,20,9.6045197740113
Hot Chocolate,tall,2% milk,354,250,7.0,4.5,125,37,32,20,9.03954802259887
Hot Chocolate,tall,2% milk,354,320,13.0,8.0,130,39,34,20,9.6045197740113
Hot Chocolate,tall,whole,354,280,10.0,6.0,110,37,32,20,9.03954802259887
Hot Chocolate,tall,whole,354,350,16.0,10.0,120,39,34,20,9.6045197740113
Hot Chocolate,tall,soy,354,220,6.0,1.5,95,32,25,20,7.062146892655368
Hot Chocolate,tall,soy,354,290,12.0,5.0,100,35,28,20,7.909604519774012
Hot Chocolate,tall,coconut,354,210,8.0,7.0,110,33,28,20,7.909604519774012
Hot Chocolate,tall,coconut,354,280,14.0,10.0,115,36,31,20,8.757062146892656
Hot Chocolate,grande,nonfat,473,270,2.5,1.5,140,47,41,25,8.668076109936575
Hot Chocolate,grande,nonfat,473,350,10.0,6.0,150,51,43,25,9.090909090909092
Hot Chocolate,grande,2% milk,473,320,9.0,6.0,160,47,41,25,8.668076109936575
Hot Chocolate,grande,2% milk,473,400,16.0,10.0,170,50,43,25,9.090909090909092
Hot Chocolate,grande,whole,473,360,13.0,8.0,150,47,41,25,8.668076109936575
Hot Chocolate,grande,whole,473,440,20.0,12.0,150,50,43,25,9.090909090909092
Hot Chocolate,grande,soy,473,280,8.0,2.0,125,41,32,25,6.765327695560254
Hot Chocolate,grande,soy,473,360,15.0,7.0,130,44,35,25,7.399577167019028
Hot Chocolate,grande,coconut,473,270,10.0,9.0,140,42,35,25,7.399577167019028
Hot Chocolate,grande,coconut,473,350,17.0,13.0,150,46,38,30,8.0338266384778
Hot Chocolate,venti,nonfat,591,350,3.5,2.0,180,63,55,35,9.30626057529611
Hot Chocolate,venti,nonfat,591,430,10.0,6.0,190,66,58,35,9.813874788494077
Hot Chocolate,venti,2% milk,591,420,11.0,7.0,200,62,55,35,9.30626057529611
Hot Chocolate,venti,2% milk,591,500,19.0,12.0,210,66,57,35,9.644670050761421
Hot Chocolate,venti,whole,591,470,17.0,10.0,190,62,55,35,9.30626057529611
Hot Chocolate,venti,whole,591,550,24.0,14.0,190,66,57,35,9.644670050761421
Hot Chocolate,venti,soy,591,370,9.0,2.5,160,55,44,35,7.4450084602368864
Hot Chocolate,venti,soy,591,450,17.0,7.0,170,58,46,35,7.7834179357022
Hot Chocolate,venti,coconut,591,360,13.0,11.0,180,57,48,35,8.121827411167512
Hot Chocolate,venti,coconut,591,430,20.0,15.0,190,60,51,35,8.629441624365482
Lemonade,tall,none,354,80,0.0,0.0,0,21,21,0,5.932203389830509
Lemonade,grande,none,473,110,0.0,0.0,1,29,21,0,4.439746300211417
Lemonade,venti,none,709,150,0.0,0.0,1,41,41,0,5.782792665726375
Lemonade,trenta,none,887,180,0.0,0.0,1,49,49,0,5.5242390078917705
Skinny Hot Chocolate,short,none,236,80,1.0,0.5,85,12,8,0,3.389830508474576
Skinny Hot Chocolate,tall,none,354,130,1.5,1.0,125,18,13,0,3.672316384180791
Skinny Hot Chocolate,grande,none,473,170,1.5,1.0,160,24,17,0,3.5940803382663846
Skinny Hot Chocolate,venti,none,591,210,2.0,1.5,210,30,21,0,3.5532994923857872
White Hot Chocolate,short,nonfat,236,180,3.0,2.5,125,31,30,0,12.711864406779661
White Hot Chocolate,short,nonfat,236,230,8.0,6.0,130,32,32,0,13.559322033898304
White Hot Chocolate,short,2% milk,236,210,6.0,4.0,135,30,30,0,12.711864406779661
White Hot Chocolate,short,2% milk,236,260,11.0,7.0,140,32,31,0,13.135593220338984
White Hot Chocolate,short,whole,236,220,8.0,5.0,125,30,30,0,12.711864406779661
White Hot Chocolate,short,whole,236,280,14.0,9.0,130,32,31,0,13.135593220338984
White Hot Chocolate,short,soy,236,190,5.0,2.5,115,27,26,0,11.016949152542372
White Hot Chocolate,short,soy,236,240,11.0,6.0,120,29,27,0,11.440677966101696
White Hot Chocolate,short,coconut,236,180,7.0,6.0,125,28,28,0,11.864406779661017
White Hot Chocolate,short,coconut,236,230,12.0,9.0,130,30,29,0,12.288135593220339
White Hot Chocolate,tall,nonfat,354,270,4.5,3.5,190,46,46,0,12.994350282485875
White Hot Chocolate,tall,nonfat,354,330,11.0,7.0,200,48,47,0,13.27683615819209
White Hot Chocolate,tall,2% milk,354,310,9.0,6.0,200,46,46,0,12.994350282485875
White Hot Chocolate,tall,2% milk,354,370,16.0,10.0,210,48,47,0,13.27683615819209
White Hot Chocolate,tall,whole,354,340,13.0,8.0,190,46,46,0,12.994350282485875
White Hot Chocolate,tall,whole,354,400,19.0,12.0,200,48,47,0,13.27683615819209
White Hot Chocolate,tall,soy,354,280,8.0,4.0,180,41,39,0,11.016949152542372
White Hot Chocolate,tall,soy,354,340,14.0,8.0,180,43,40,0,11.299435028248588
White Hot Chocolate,tall,coconut,354,270,10.0,9.0,190,42,42,0,11.864406779661017
White Hot Chocolate,tall,coconut,354,330,16.0,13.0,190,44,43,0,12.146892655367232
White Hot Chocolate,grande,nonfat,473,360,6.0,5.0,250,61,61,0,12.896405919661733
White Hot Chocolate,grande,nonfat,473,430,13.0,9.0,260,63,62,0,13.107822410147993
White Hot Chocolate,grande,2% milk,473,410,12.0,8.0,270,61,60,0,12.684989429175475
White Hot Chocolate,grande,2% milk,473,480,19.0,12.0,270,63,62,0,13.107822410147993
White Hot Chocolate,grande,whole,473,450,17.0,11.0,250,61,60,0,12.684989429175475
White Hot Chocolate,grande,whole,473,520,24.0,15.0,260,63,62,0,13.107822410147993
White Hot Chocolate,grande,soy,473,370,11.0,5.0,230,55,52,0,10.993657505285412
White Hot Chocolate,grande,soy,473,440,18.0,10.0,240,57,53,0,11.20507399577167
White Hot Chocolate,grande,coconut,473,360,13.0,12.0,250,56,55,0,11.627906976744185
White Hot Chocolate,grande,coconut,473,430,20.0,16.0,250,58,57,0,12.050739957716702
White Hot Chocolate,venti,nonfat,591,450,7.0,6.0,320,77,77,0,13.028764805414554
White Hot Chocolate,venti,nonfat,591,520,14.0,10.0,320,79,78,0,13.19796954314721
White Hot Chocolate,venti,2% milk,591,520,16.0,10.0,340,76,76,0,12.859560067681894
White Hot Chocolate,venti,2% milk,591,590,23.0,15.0,350,78,78,0,13.19796954314721
White Hot Chocolate,venti,whole,591,570,21.0,14.0,320,76,76,0,12.859560067681894
White Hot Chocolate,venti,whole,591,640,28.0,18.0,330,78,78,0,13.19796954314721
White Hot Chocolate,venti,soy,591,470,14.0,7.0,290,69,65,0,10.998307952622675
White Hot Chocolate,venti,soy,591,540,21.0,11.0,300,71,67,0,11.336717428087987
White Hot Chocolate,venti,coconut,591,450,17.0,15.0,310,71,69,0,11.6751269035533
White Hot Chocolate,venti,coconut,591,520,24.0,20.0,320,73,71,0,12.013536379018612
